{"obs_size": 14276494, "obs_mean": [5168.808534807665, 558.8914987811432, 2.6037997144116756, 0.06760010797210411, 0.10188692207799759, 627.1998298291852, 0.5636435760768919, 5170.8378633840275, 559.2982650362197, 2.486175947680152, 0.06759143235706859, 0.10185191682257572, 628.4009417450769, 0.563680938751511, 5171.156706047139, 559.7251460337532, 2.342761114878765, 0.06728091708006863, 0.10186371890584692, 629.5383618858101, 0.5639840357163597, 5174.584647750904, 560.1277123781232, 2.1642405341255353, 0.067271186071391, 0.10190384577256824, 631.0836943637067, 0.5635896517030311, 5172.6016130576645, 560.5716170931041, 1.9863935781432052, 0.06696074608143274, 0.10185659759476018, 632.6998295297617, 0.5645769564992917, 5178.47793898622, 561.1253388261852, 1.7838394356485563, 0.06604752894205683, 0.1019129930029046, 634.6939167743341, 0.5649338743111899, 5179.066355194256, 561.6431424269852, 1.5728252328617938, 0.06543491146314379, 0.10198552289434627, 637.2035164389268, 0.5668897031022058, 5182.60676636828, 562.0053043835552, 1.348272622115766, 0.06482218541772913, 0.10215406015867824, 640.3789472713221, 0.5707545954910489, 5185.111678901877, 562.298435386167, 1.0980236464218736, 0.06450837118791902, 0.10246801124057521, 657.1530534219332], "obs_std": [10877.859470177531, 555.4132305389343, 24.371621956249328, 4.5469972954451245, 0.15059322897377647, 532.931797051355, 0.8638033146994392, 10879.352214793475, 555.403219138702, 23.62831815058261, 4.54699713914398, 0.1493048823555489, 532.7482025505445, 0.8629607090056691, 10877.458787682663, 555.4900710825067, 22.574932862721376, 4.402625779538002, 0.14924734521524444, 532.2631073688049, 0.8644958044689011, 10881.590195480476, 555.5346398600474, 21.307343619360957, 4.4026253333590795, 0.15040403454807663, 532.1454020069523, 0.8571989615401464, 10877.139346386733, 555.5194876555146, 19.82270164073695, 4.253356535627691, 0.14851383558473322, 532.0396481600937, 0.8636560959688919, 10886.167482006615, 555.5966042860767, 18.076065033947597, 3.7702571227095616, 0.14822070256150074, 532.3315023398919, 0.8587467029502834, 10884.43516610347, 555.6171759918386, 16.03538499703585, 3.410381717414333, 0.14726956330525756, 533.1453705338547, 0.858472257732049, 10892.999281646726, 555.4885440230775, 13.6226339284274, 3.007751102153191, 0.14842478345982069, 535.1036717924178, 0.8684740171143158, 10890.142456358353, 555.3406153359678, 10.294847912950777, 2.784689043965898, 0.15102526674480826, 549.9112357198564]}