{"obs_size": 14289507, "obs_mean": [5192.9310753098025, 564.0400272031778, 2.7846217507713877, 0.06564814166829688, 0.10031633327874763, 620.721662369462, 0.536348674940277, 5196.769735052427, 564.4704541591252, 2.631574553271852, 0.06563990116111917, 0.10029722928894609, 622.164113594963, 0.5365841927926428, 5200.002327721443, 564.8518764853119, 2.459221651243811, 0.06563143591798645, 0.10030646553537573, 623.608042407106, 0.536772661506096, 5199.445307799253, 565.3341889961634, 2.272812910900285, 0.06562254691166872, 0.10030732499609704, 625.0256503157605, 0.5369108722925063, 5201.14125436797, 565.8103096208987, 2.0725593262244804, 0.06561317051043965, 0.10035126797201638, 626.97605853862, 0.5369584201190353, 5204.429129205131, 566.3255586774268, 1.8558596178300624, 0.06560341190218262, 0.10031201305608417, 628.9911906156069, 0.5373410570427632, 5206.601526542929, 566.8730549626379, 1.6203683584045272, 0.06529318780949774, 0.10030841073040506, 631.2703478268832, 0.5380990341374225, 5212.8143332309055, 567.4723237827587, 1.3681059815429601, 0.06498218793539409, 0.10034642136856166, 634.2053896806445, 0.539431559745198, 5217.09732740764, 567.8669196215097, 1.1041746226794247, 0.06376932065284847, 0.10040840624039761, 639.0565489677155], "obs_std": [10839.240675422003, 554.384140444078, 25.58924474390786, 3.408826918968106, 0.12073422318442202, 523.8474896222332, 0.7673153887664541, 10845.63483610999, 554.3554485607225, 24.598079869080262, 3.408826463885563, 0.11909499407601916, 523.6945005713534, 0.7666909536286769, 10852.699817851417, 554.3135304535604, 23.436396473852444, 3.408826080454932, 0.11953178796391163, 523.6400575313945, 0.7633208088241331, 10845.641757397896, 554.3582982698413, 22.12659663291608, 3.4088256736227316, 0.11842629177586544, 523.0903713408212, 0.7613449987878298, 10849.337290394302, 554.3136615920681, 20.56070695778081, 3.408825262053896, 0.11821802098654913, 523.0048593866622, 0.7587543230141128, 10854.04687106323, 554.2725744125515, 18.774708963244333, 3.408824847444005, 0.11640494572952995, 522.8043130683049, 0.7569085800640427, 10850.521375427184, 554.1665349149209, 16.65880972629046, 3.213906646967955, 0.11503266575558353, 522.6855514693716, 0.7604755144310301, 10862.625655746539, 554.19158944706, 14.02829942718512, 3.006377297870143, 0.11451450745385804, 522.5090744754074, 0.7580255564008569, 10865.572957435195, 554.0829695938511, 10.610489536400008, 1.9684361626504854, 0.11325078378538574, 521.8873444811771]}