{"obs_size": 14240206, "obs_mean": [5210.20597937626, 560.2623878474791, 2.1510985866356145, 0.0666474683463229, 0.1021894386772207, 631.785963876322, 0.5664485340310633, 5211.668482849906, 560.5870280949587, 2.0623145479777474, 0.06663959638197071, 0.1021959251536118, 632.6332608381738, 0.5658965989677628, 5215.195240947158, 560.9442197676075, 1.9786019949430504, 0.06663132380255717, 0.10224267308949081, 633.5988693337807, 0.5667779588301122, 5214.494573819809, 561.2775277267759, 1.878092072544456, 0.06662284078496594, 0.10226688990742204, 634.7287575472292, 0.5664097994790411, 5218.579699979952, 561.6282652793084, 1.7579219008489062, 0.06661296336367019, 0.10223582218080346, 635.8655367121726, 0.5663053969163279, 5218.044171139645, 562.0018034149224, 1.6101145587360184, 0.0663018332111288, 0.10221167213030544, 637.17367049755, 0.5666465176136063, 5220.294389015062, 562.3985596135338, 1.4264600526144073, 0.06568802430379969, 0.1022685273228498, 638.5691763023141, 0.5661515053223573, 5221.351420620082, 562.9027917854559, 1.2454734854257024, 0.06507445588779488, 0.10222365035217855, 640.2818846425861, 0.5672975187297447, 5224.120134362917, 563.3993136054352, 1.0373843608723077, 0.06355556975854894, 0.10230720087736099, 661.3214751052964], "obs_std": [10958.275886947476, 556.1074472054573, 21.224824767223225, 4.103874882526258, 0.15551657723349874, 532.0398298667558, 0.8692778233601993, 10959.927806422318, 556.1439610207043, 20.654552746579178, 4.103874430472484, 0.15421349167356144, 531.9066132473905, 0.8696417930836473, 10966.875598326615, 556.1629165485449, 20.010431962988235, 4.103873829071367, 0.1546600254113976, 531.7995369331345, 0.8679882248411296, 10962.490867298637, 556.1707532412336, 19.257851398312525, 4.103873557000593, 0.1544085255971188, 531.8279421394977, 0.8658728180518521, 10970.429377454286, 556.1314997225377, 18.267021866503647, 4.10387283273399, 0.15357023902071423, 531.7241062083503, 0.8654366377593142, 10964.564012106091, 556.1209608229499, 16.858004500914035, 3.942893577267627, 0.15250220336836437, 531.4244236667661, 0.8606344743055272, 10970.057109907208, 556.1184955438949, 15.015666139832636, 3.5994007015504037, 0.1536362695349703, 531.1592122014182, 0.8534518301478493, 10967.076716484495, 556.1370785301353, 12.77347227040543, 3.219466211566447, 0.1519097544130704, 531.1204466166678, 0.8527616981215684, 10970.821833807768, 556.1564518916607, 9.79370157827924, 1.971841985193494, 0.15149699529721325, 548.108952543709]}