{"obs_size": 14276494, "obs_mean": [5169.871470313537, 559.023332619339, 2.6066590999162678, 0.06740734933479492, 0.10253840548463822, 626.5680198885926, 0.5662535167247904, 5172.007277098067, 559.4328554335539, 2.4896823407763837, 0.06739842378773833, 0.10246467995664799, 627.7416190993819, 0.5661819268792795, 5172.519857572152, 559.8547223849217, 2.3466605316403313, 0.0670877470395815, 0.1024874843279448, 628.8973072914549, 0.5666863362251651, 5175.462843991057, 560.2651419879419, 2.167353273149556, 0.06647627505178125, 0.1025363045908182, 630.4223850164201, 0.5661343977029984, 5174.10866856798, 560.6939546922374, 1.9919317726046746, 0.06616521655345534, 0.10250256969043045, 632.0276397798613, 0.5672835597451642, 5180.824211496869, 561.2457129180315, 1.787618794922619, 0.06585281091772988, 0.1025440537447083, 633.9861141930642, 0.5673417491017413, 5181.704984643239, 561.7817943957389, 1.5774619454888574, 0.06524005272828928, 0.10260945009916314, 636.3931156367419, 0.5692757164329318, 5185.334071713741, 562.1544663556753, 1.3519001233776304, 0.06462705113693183, 0.10282546620500853, 639.4798728021052, 0.573221365974063, 5186.806436663739, 562.464704429533, 1.1013145104113096, 0.0643134981001709, 0.10318985126495357, 656.0698646453815], "obs_std": [10916.349952413555, 555.84194881559, 24.387667594578062, 4.4026277412158645, 0.1582978632535225, 532.7794163475982, 0.8869536587173399, 10917.929998657874, 555.8248805936831, 23.644389208454694, 4.402627456986024, 0.15628322875234293, 532.6088240323394, 0.8863987573460793, 10916.429368633526, 555.9154487490724, 22.589490444961502, 4.253358408987098, 0.15661804264093673, 532.1941590564905, 0.8883250301593748, 10917.484588813768, 555.9585958573397, 21.325153367686948, 3.937882843941582, 0.15749656016114658, 532.0810405587011, 0.8792198442193235, 10917.63895156123, 555.9315502533284, 19.847652333138683, 3.7702586824810433, 0.15627502350727784, 531.9845645729476, 0.8815740287104216, 10936.409033033262, 556.0004512905549, 18.098871202329878, 3.5948264498089437, 0.1556121123932187, 532.2520403779231, 0.8751565073685458, 10935.041632378263, 556.0195504499142, 16.06194283371215, 3.2153758639360857, 0.1548594546371073, 532.8534157359622, 0.8767239641829602, 10942.550077760881, 555.9002582775147, 13.639475526068534, 2.784691206730248, 0.15674380251127312, 534.5525605056663, 0.8881902445047029, 10932.765214213156, 555.7479563561949, 10.307190692956294, 2.542131519118338, 0.161067118674292, 548.3332698727513]}