{"obs_size": 14251841, "obs_mean": [5208.127398646838, 560.816221918277, 2.2990781331338175, 0.06397559232741362, 0.10034318959985591, 634.3865504054295, 0.562100930469295, 5207.0463860249665, 561.1406162193362, 2.2166362928129772, 0.06396746111854026, 0.10031972525086448, 635.359852499521, 0.5623654713801792, 5213.263194116675, 561.4492107370551, 2.113950471381206, 0.0639592673671505, 0.1003560203986985, 636.3870730248364, 0.5622922268077806, 5210.500050164159, 561.8350034918295, 1.9900031862550247, 0.06364886803516244, 0.10034359158750161, 637.6074640755953, 0.5624566287962598, 5215.360890159604, 562.2713083172905, 1.8409263757573493, 0.06363965856517184, 0.10033385649278598, 638.8849243551502, 0.5627426918389282, 5215.239521400475, 562.6511302645041, 1.6569980678285703, 0.0633286006531449, 0.10031531756542893, 640.4436095732472, 0.5625959646897851, 5217.197650933125, 563.1476948136036, 1.4754770278450342, 0.06331827703088436, 0.10030067722184037, 642.1826406924228, 0.5634174022851083, 5222.779354283632, 563.6965205407498, 1.2675502063207131, 0.06300678221032129, 0.10035185445101562, 644.1904418536017, 0.5635812622383554, 5221.689108234122, 564.1597634298614, 1.048680167004389, 0.06299609824086065, 0.10034263128545909, 663.2344700898155], "obs_std": [10946.813297865152, 555.3498341255049, 22.47584825350994, 2.2758097312046206, 0.12253565557599855, 534.4031558788704, 0.8166855623670533, 10941.12428117972, 555.4512777160826, 21.903670308150733, 2.275808877289369, 0.12184994522413115, 534.438611744174, 0.8138362692575142, 10954.878943417236, 555.3236148331675, 21.18934910229707, 2.2758084322131995, 0.12112641415733048, 534.1218925517732, 0.8111909163793566, 10941.088331495845, 555.4984250643164, 20.273833568193872, 1.9710397843546732, 0.1202801727718255, 533.9902507861711, 0.8128609867199309, 10954.953238803164, 555.4754125041841, 18.935317670514767, 1.9710389138987432, 0.11977477470633255, 533.7897456453645, 0.8135214872819511, 10951.43258294074, 555.3880328675543, 17.29721841863072, 1.6095609665112525, 0.11840598457275943, 533.6919085809293, 0.8094076015019264, 10953.893631970572, 555.4509410856241, 15.405001922516746, 1.6095601525053704, 0.116470900926318, 533.6663306897946, 0.8071129589982602, 10965.812983473706, 555.4556427121364, 13.033905657511305, 1.1385872828231862, 0.11657284307245638, 533.9440170251121, 0.8035617240520138, 10953.05483141636, 555.4427903587552, 9.868748240179883, 1.1385860070879399, 0.11555628547658069, 549.4125002083568]}