{"obs_size": 14251841, "obs_mean": [5203.543717125177, 562.1041618412667, 2.301118220446046, 0.06334281920294531, 0.09997109520601581, 638.9424990988886, 0.5589495800577956, 5203.386240914784, 562.4107665809631, 2.2163397697181715, 0.06333489945671734, 0.09995472123994407, 639.9411525780141, 0.5591297818997844, 5209.389757478559, 562.7291930916153, 2.1140799985068592, 0.06332682184934012, 0.09996130584294408, 640.9807617853731, 0.5591579116691305, 5205.800041722581, 563.0939282160108, 1.9902599951823765, 0.06331802047532809, 0.0999536280821551, 642.1917882428842, 0.5593715989394237, 5211.209503992393, 563.5306014149331, 1.839598757802588, 0.06330913333737866, 0.09994745071496368, 643.4941269905629, 0.5595410286994116, 5210.984976765616, 563.9052076850984, 1.6575695027751152, 0.06329960855394894, 0.09992904935025605, 645.0815204195245, 0.5595572350968886, 5212.812920370063, 564.3952544095885, 1.4734864779925625, 0.06328970010247227, 0.09990454806617585, 646.8560184419598, 0.5602127899827446, 5218.810295032694, 564.9246714863013, 1.266228833173202, 0.06297865505474909, 0.09995803377276075, 648.9491063437532, 0.5606726679732419, 5217.374673920685, 565.3662756972941, 1.0460142658060807, 0.06296780334625737, 0.09993859220601653, 666.1813506670459], "obs_std": [10934.85270948191, 555.3619669335092, 22.49626766451765, 1.6095575233269808, 0.11972722339046055, 538.8663059706267, 0.7957484862142717, 10932.215386375401, 555.4477830369427, 21.91800092757288, 1.609556295555424, 0.11903168541252847, 538.9706539160834, 0.7925832639424221, 10944.358436448607, 555.3164044412209, 21.20564206543446, 1.6095551233773422, 0.11794843878427694, 538.6451404352198, 0.7919744450834756, 10928.86417484518, 555.482449655523, 20.29007175278646, 1.6095539429571313, 0.11703719991118158, 538.5041301414556, 0.7917244075517442, 10943.606808235882, 555.4564864461693, 18.948720842270067, 1.6095528678320647, 0.11656315345418786, 538.3112008533866, 0.7921826259834241, 10940.19078849042, 555.389337565258, 17.31288990476991, 1.609551676022965, 0.11509200952907486, 538.2459614369494, 0.7918616653071845, 10942.2217062495, 555.4301856807239, 15.413939212992995, 1.6095506749944672, 0.11293421952599382, 538.2818997852464, 0.7874043214003844, 10955.136823733745, 555.4359835736221, 13.041325903257983, 1.1385734076112075, 0.11253752307207006, 538.7065457088929, 0.7857135036018358, 10943.708187507407, 555.407794864358, 9.870074128975052, 1.1385712565810224, 0.11216370446856583, 553.1722378516661]}