{"obs_size": 14263932, "obs_mean": [5185.899999683788, 560.6880423995292, 2.447454951411715, 0.06522276877708899, 0.10112898465991083, 632.3015466913787, 0.5642784290475139, 5187.8722690190625, 560.9867003011511, 2.348897555036017, 0.06491336695107092, 0.10115504295449623, 633.3281539145984, 0.5645038829405852, 5188.78554087634, 561.3562258288948, 2.2293675404509785, 0.06490419323284237, 0.10114701692871299, 634.3963184755295, 0.5643638610307794, 5190.325956200047, 561.7552613823452, 2.0814804781739, 0.06459389873641602, 0.10114278676636913, 635.6410736850037, 0.5644869269567827, 5194.125938887933, 562.143253557294, 1.902360373002339, 0.06458400358934155, 0.10112273420975416, 637.1392392819375, 0.5641813214617534, 5191.989441200817, 562.5911888811584, 1.7241888842431385, 0.06427270374677369, 0.10112759046881471, 638.9560301200207, 0.5652695856234105, 5197.09324768273, 563.0360207830493, 1.5196440224196246, 0.0636602745875489, 0.10121030659905003, 640.8465678504845, 0.5652251857342414, 5198.819923795688, 563.5643718716549, 1.3038779208986695, 0.0630466583165235, 0.10121549053970488, 643.512094767228, 0.5670457655715477, 5201.820375440376, 563.956649540954, 1.0745501310578318, 0.06303493436123538, 0.1013627960694862, 662.3075313518002], "obs_std": [10912.840650415712, 555.8311066790802, 23.434522656007978, 3.216791679039816, 0.13320946228628402, 535.4560200043649, 0.8535620992659377, 10916.820038433523, 555.9202742584121, 22.81452708146015, 3.0090764005271415, 0.13182676080324254, 535.3455009274915, 0.8537989982333871, 10915.775635768141, 555.9685443905933, 21.990940835485787, 3.009075992990211, 0.13214482998203353, 535.1403995163663, 0.8550321453275544, 10919.18123943528, 555.8777496080875, 20.838915116565975, 2.785916462200312, 0.13094135794770487, 535.0620174237026, 0.8489372155053955, 10924.847927050107, 555.8337030718548, 19.367341375686053, 2.7859158572707776, 0.1313060263457646, 534.737630201787, 0.843203543247371, 10916.935182898938, 555.7912347170347, 17.723047794872883, 2.5432495692384074, 0.1309700408717476, 534.7663178817661, 0.8462765167061799, 10923.91162072285, 555.7092994089643, 15.784968605354019, 1.9702040289183196, 0.13140087476834567, 535.0609173670823, 0.8353458785063228, 10926.180633859662, 555.7829501533156, 13.406312227993403, 1.1381078279088974, 0.13038337746808046, 536.0680648324202, 0.8349727562167694, 10927.225020739701, 555.7094224340217, 10.220499825005753, 1.1381052787407504, 0.1310930914557741, 552.7882395323646]}