{"obs_size": 14289507, "obs_mean": [5148.36479155381, 557.5218241609035, 2.7606825763827962, 0.06849289242876637, 0.10207890051889067, 627.3738550889155, 0.5657097230156639, 5151.799495051848, 557.9413564792682, 2.614429105216856, 0.06848344810392026, 0.10208592724206635, 628.6550823733337, 0.5660891055234086, 5155.451948477015, 558.3192450236387, 2.4387603435164, 0.06817291550933866, 0.10211408901258819, 629.9989007442548, 0.5658376717265767, 5154.0025159029365, 558.799011680389, 2.262619207226673, 0.06786218301471865, 0.10206087889043346, 631.4910388915398, 0.5666843977192871, 5156.0748225513025, 559.2212032227563, 2.060431825954527, 0.06755097149328566, 0.10213857839105363, 633.5762781677972, 0.5667664263715021, 5158.187497425437, 559.6836521371941, 1.8519821572570698, 0.06753906815715247, 0.10219960834359079, 636.0676153001441, 0.5688244099674338, 5160.01799149319, 560.1037879053489, 1.6240740145898664, 0.0669267501988778, 0.10240381043131767, 639.2392186138185, 0.5727683018035891, 5165.695840526391, 560.462156182155, 1.3759033114298485, 0.06631381016126799, 0.10274519792320334, 644.8473120583742, 0.5872948261966258, 5163.717276154556, 558.6080989358136, 1.138544667776152, 0.06479793208093897, 0.10394949608919317, 656.323836647597], "obs_std": [10844.400096678175, 554.1763762652995, 25.33855426589904, 4.952678153719051, 0.15141323840037865, 534.424948131872, 0.8801389473448072, 10850.740200822427, 554.1546546143567, 24.34881315725754, 4.952677658949356, 0.15082246434122992, 534.1352120940159, 0.8785232022347232, 10858.144308101942, 554.1266134077242, 23.18666835463121, 4.820593571821299, 0.15132795921994738, 533.9933980557265, 0.8722107921587633, 10849.951669407836, 554.1886133186423, 21.883380184124544, 4.684787121871863, 0.14944845987725616, 533.7142794097109, 0.8737269504113316, 10853.71708502937, 554.1152287169348, 20.32244272911515, 4.544924300302699, 0.1497696813103257, 534.1287342264351, 0.8656905024925393, 10856.831502704545, 554.093415011305, 18.555133991794406, 4.544923580272967, 0.14961270259374077, 534.974686883609, 0.8684486589729353, 10853.729106943762, 553.9625824650087, 16.464499760415617, 4.251417326460117, 0.15078399525434555, 536.792404373866, 0.8780335940374192, 10866.977040539896, 553.9851409275037, 13.875599808402756, 3.936085569552509, 0.15413747608297906, 541.3371490654937, 0.9192372465799237, 10867.776547569254, 552.6586113024468, 10.549196477903092, 3.006379271908761, 0.16288354072036193, 551.9354546909129]}