{"obs_size": 14289507, "obs_mean": [5145.3493320873595, 557.6698546003022, 2.7565672489610735, 0.06581918536784433, 0.10010257444207112, 631.3487682811364, 0.5607884280402592, 5148.568214475313, 558.0991055184758, 2.6070941425760874, 0.06581047643785823, 0.1000912086871152, 632.7343143616727, 0.5608218035094109, 5152.2567171556, 558.4642070576682, 2.435323346004869, 0.06580132682065999, 0.100080080889285, 634.2304518872462, 0.5610597482474708, 5151.207899224138, 558.9381102511094, 2.2532293801318684, 0.06579193935550809, 0.10006852570582042, 635.8002298757126, 0.5616194114324893, 5153.083109730649, 559.3602145266453, 2.0544587717406904, 0.0657816035718454, 0.10012938960504364, 637.9552885327233, 0.5619800839875325, 5155.432658308827, 559.7910996509537, 1.8425898108311225, 0.06577098409728975, 0.10010439269199371, 640.4780284116192, 0.563324076121058, 5157.099592380517, 560.2197810603262, 1.6129291934284367, 0.06546007065905925, 0.10015871240960153, 643.6890301009454, 0.5658503134503171, 5162.860310524363, 560.6274788906292, 1.3656059652722798, 0.0651483873154699, 0.10027145939303576, 648.6412467573554, 0.5726970894797436, 5164.765712713823, 560.4965859214037, 1.1155914616228537, 0.06363456089556581, 0.10056247839621059, 656.7173744442466], "obs_std": [10841.983447273982, 553.4147066100022, 25.349705801344165, 3.593184592307978, 0.1213743627395557, 536.3623512098151, 0.807812249815252, 10848.512969730418, 553.3918325493798, 24.35697366588169, 3.5931841320654585, 0.11967406043164891, 536.1095529132597, 0.8061016098514532, 10855.520038997063, 553.3472594696419, 23.19563199570355, 3.5931836169502835, 0.11971602113626015, 536.1773780223662, 0.8020547930055426, 10848.145596696477, 553.4008384813064, 21.883828312039043, 3.593183196084893, 0.1185454893862775, 536.00819711011, 0.8019858413692734, 10851.953636086888, 553.3377687323243, 20.318771311329858, 3.5931826244911997, 0.11881349217303132, 536.5479990185171, 0.7998231527413399, 10855.673167671122, 553.3058646039033, 18.53998112828443, 3.593182046959774, 0.11728465805489953, 537.5458304297892, 0.8005050559402723, 10852.510740139493, 553.1921578403926, 16.44216862442094, 3.4088217541537422, 0.11654457922944574, 539.5928348136107, 0.8087957418345562, 10864.390389612243, 553.2004060664223, 13.839939264504626, 3.2139031951837245, 0.11640698855834847, 543.7625049954692, 0.8208107091004179, 10866.071918895244, 552.9404977508607, 10.486088277081283, 1.968430681141298, 0.11643369470903712, 549.4144502100667]}