{"obs_size": 14263932, "obs_mean": [5187.071804849848, 560.4072499784772, 2.456321230359203, 0.0664460916998287, 0.1020315923005668, 629.0263026874579, 0.5648375028008021, 5190.929573834454, 560.7035613321768, 2.356338630890838, 0.06643760341230748, 0.10210599677921986, 630.0556120419947, 0.5650227905601638, 5190.872499277717, 561.0641781663007, 2.23635838981846, 0.06642753224946124, 0.10210752816832092, 631.1133323292603, 0.5646907962685522, 5193.176676268633, 561.4719911732612, 2.0897779798725904, 0.06611713449861673, 0.10206015167963425, 632.3349588426154, 0.5649465090691964, 5196.693186677065, 561.8817155045327, 1.9086376743803883, 0.06580557772422947, 0.102088865304462, 633.7990665290112, 0.5644376490998733, 5193.964285623988, 562.3353293467748, 1.7323693775320859, 0.06549420921672373, 0.10207058867169438, 635.6148730544005, 0.5657237556937658, 5201.112090094722, 562.7878588456535, 1.5253355105731015, 0.06457989632803378, 0.10215419884264765, 637.5332555590337, 0.565752519641882, 5201.700822294077, 563.3415049931532, 1.3102571577037805, 0.0636639163136872, 0.10220243534973403, 640.1298579276246, 0.5676265700790232, 5207.95980557521, 563.7216358715114, 1.0815061372979065, 0.06335138173514321, 0.10240376020749509, 659.4875194160086], "obs_std": [10904.108268358737, 556.6147263512286, 23.45800417952711, 3.9396180106993697, 0.15123771524915586, 532.6938925218599, 0.8710759683217454, 10913.338820279074, 556.6892222227481, 22.835343504211817, 3.939617533654841, 0.1512650904581289, 532.5944630418355, 0.8703314089269185, 10910.021650019908, 556.7122552356427, 22.010256652910652, 3.939616927642944, 0.15145805277883592, 532.3686429819516, 0.8707704233298058, 10915.258008476943, 556.667257261063, 20.86319412200726, 3.7719192097673595, 0.14990758534709694, 532.3043162732514, 0.8636772421503166, 10919.99049431029, 556.6333444270817, 19.38862424995859, 3.5964099664851914, 0.1510742911301575, 531.9081934354931, 0.8597255668333628, 10910.194402149253, 556.5649624750412, 17.746491272502865, 3.411884513883132, 0.14999380175334026, 531.9853961674509, 0.8652130067042424, 10923.01352020059, 556.4746023079118, 15.803386063514246, 2.785917391458692, 0.15057732806105767, 532.2490564591138, 0.8573791292668242, 10923.089247132746, 556.567331485383, 13.417529494293104, 1.9702055065109718, 0.15113690624826887, 533.0681762704444, 0.8577288903543525, 10932.673942558544, 556.5168383645246, 10.234320413481766, 1.6088816499653165, 0.15174336523330686, 550.9954506772103]}