{"obs_size": 14251841, "obs_mean": [5244.510668671434, 566.9682487336197, 2.310450698965839, 0.06341709408343298, 0.09992215732493777, 626.0604417847962, 0.5360731535666068, 5244.538143041198, 567.2582223587816, 2.2237254822026147, 0.06341001817808145, 0.09993156143981732, 627.0014684330213, 0.5361416292814281, 5250.189618203544, 567.571054083469, 2.1214239619990143, 0.06340265665166529, 0.09995512057558112, 628.0427917669506, 0.5362610259965651, 5246.623907461046, 567.9462281399294, 1.9973673576627746, 0.06339448088244355, 0.0999270515546039, 629.2603422033188, 0.5365491181805778, 5252.161668591244, 568.3853803869971, 1.8423875904874323, 0.06338638490803575, 0.09993102761657265, 630.6339077772451, 0.5368002749258771, 5251.957851336231, 568.760362398093, 1.6604502534093666, 0.06337779664782431, 0.09991348954496443, 632.2014664030188, 0.5368686840528121, 5254.34543738752, 569.273802591539, 1.4715192233761238, 0.06336870076800066, 0.09990222043678368, 633.8303462923287, 0.5371664302176725, 5260.297666976941, 569.859934306031, 1.2631121831909295, 0.06305833633487319, 0.09994007211707001, 635.6759039600531, 0.537230937813565, 5260.001832111638, 570.3860540543499, 1.0366327409911464, 0.06304835589304802, 0.09988881132788321, 646.0684673887843], "obs_std": [10922.494755450756, 555.4139632048525, 22.649787101060415, 1.6095574947096574, 0.1188683067989265, 523.3725974485811, 0.7579226296405639, 10919.757310739262, 555.4833082635885, 22.073502221120368, 1.609556519435719, 0.11830201405261521, 523.4022987782809, 0.7550807270332607, 10931.791401052991, 555.3540061459486, 21.360479152000444, 1.6095556442003933, 0.11701742963749566, 523.0649945414763, 0.7550110360276961, 10916.503877856592, 555.5026569403288, 20.443936547043748, 1.609554736734919, 0.11610275939806415, 522.9403674580986, 0.7561423402821756, 10931.22545083133, 555.4681601000751, 19.102841703473842, 1.6095540297460689, 0.11568066346704, 522.8622432208668, 0.7563287182561489, 10927.925346830138, 555.3746878096724, 17.46352132379287, 1.6095532345202286, 0.11438500528778325, 522.7137038092003, 0.7566868166282794, 10930.527593073306, 555.3877253966867, 15.558290066687942, 1.609552511589248, 0.11217609196649211, 522.3322587883805, 0.7511029822023116, 10942.921518880315, 555.3966852890538, 13.18510851074444, 1.138576189167553, 0.11148401268505728, 522.0281350214178, 0.7480890480869693, 10931.30254357862, 555.3671704395803, 9.966680713724365, 1.1385747121050267, 0.11061666463002282, 521.4595104168314]}