{"obs_size": 14276494, "obs_mean": [5166.674500570451, 559.0917666480299, 2.6000791230676104, 0.06461051629476423, 0.10056703349680986, 631.1122952702565, 0.5616258193363385, 5168.9790844541785, 559.4696329504989, 2.4823147055572607, 0.06460233227549449, 0.10053973433064213, 632.3377077598984, 0.5616946318192938, 5169.0836142783855, 559.9003861172079, 2.337082970090556, 0.06459292834614042, 0.10052792796319644, 633.5497154674395, 0.5617569456478915, 5172.405603815141, 560.3062853526924, 2.1607855542123997, 0.06458340936837179, 0.10052772855114098, 635.15641903934, 0.5616145611100589, 5171.0519889304815, 560.7351801499723, 1.9811751400588968, 0.06457370333165159, 0.10051814909634019, 636.8119517806454, 0.5625101641201539, 5176.099006656153, 561.2808777140941, 1.7799316835071692, 0.06456342049127077, 0.10056603495297975, 638.8259296504651, 0.5627761675941207, 5177.1378218295995, 561.7897345804929, 1.5678352122026598, 0.06425232363478785, 0.10054386484398757, 641.3407447807501, 0.5641251274297758, 5180.614784802212, 562.1365588778309, 1.341939134356096, 0.06394035993060346, 0.10060563232219412, 644.6016079436599, 0.5673220427928974, 5183.125052440924, 562.436209338231, 1.091336920675342, 0.06392812832528084, 0.10079848473847981, 659.4247200738441], "obs_std": [10879.855245493341, 554.5269393926039, 24.374200745280543, 2.7846917681780456, 0.12531286206193945, 534.9905367985767, 0.8187456252182325, 10881.599979217895, 554.4855056241779, 23.627469091764997, 2.784691466097501, 0.12445161588816128, 534.778301927965, 0.8199988196699523, 10879.656630593368, 554.5798771601518, 22.572945916289378, 2.784690520987191, 0.12391398355418405, 534.3986237011375, 0.8220723513566688, 10883.488147429376, 554.6197830907001, 21.30853904747507, 2.7846896972590676, 0.12415826879944096, 534.3766916341282, 0.812991373149301, 10881.288779573646, 554.589294573846, 19.82413056557149, 2.7846891318285807, 0.12321448749054642, 534.2844258314044, 0.818723864899217, 10888.02608769602, 554.6639751617946, 18.077359626217323, 2.7846887245341825, 0.12238974678539287, 534.6694192290486, 0.8136084921474478, 10887.257591800744, 554.6816733068143, 16.034842236024236, 2.5421297812232355, 0.11946407830461671, 535.5275340673674, 0.8122086772233936, 10895.783998258305, 554.5505484748462, 13.616686409405101, 2.2738410084877763, 0.12001546274620215, 537.7071328291102, 0.8214948658480674, 10892.729175191322, 554.392871293417, 10.275946427188526, 2.273839671070321, 0.11990129003819253, 549.7878623706854]}