{"obs_size": 14240206, "obs_mean": [5209.8167761522345, 561.3278135864045, 2.134572912779492, 0.06363773850702177, 0.09987550808071183, 639.6911016362681, 0.5611255228330585, 5210.8848601258605, 561.6497406006625, 2.05151638958032, 0.06363066487002521, 0.09987520457815115, 640.6012680595111, 0.5611543601265647, 5214.486404019331, 561.9772467476946, 1.9639316313261197, 0.06362320048172912, 0.0998919207667365, 641.6297433647696, 0.5617213156186426, 5213.2968581681325, 562.3126253932002, 1.8660553084695544, 0.0636150464295335, 0.09991918653740033, 642.773810957037, 0.561510088337237, 5216.85567522624, 562.6263529474222, 1.744583891553254, 0.06360672673738861, 0.09988658083675267, 643.9656068705694, 0.5617020965848666, 5216.682160433011, 562.9977433612968, 1.594802210024209, 0.06359802717665183, 0.0998752934463877, 645.3170930456059, 0.5615507438586587, 5218.23162312862, 563.4034233774429, 1.4151134470947961, 0.06358843488929314, 0.0998543839833498, 646.7779284308057, 0.5616550408049269, 5219.9957227596715, 563.8702039141849, 1.2294732253171057, 0.06357849160539682, 0.09984759730104971, 648.5645620653714, 0.5621691475530993, 5222.479538391108, 564.3730453758885, 1.0256074244993365, 0.06296566485513728, 0.09987160092368115, 667.2013662530813], "obs_std": [10958.386996961119, 555.306364597666, 21.19785860066524, 1.9718411145889645, 0.11827792688093723, 537.6331709156882, 0.8016941679703788, 10959.96362410937, 555.3445759787721, 20.63067318417875, 1.9718403344836526, 0.11775148980053844, 537.5662775846814, 0.8030278727299305, 10966.388136447538, 555.3115348412559, 19.98715464484594, 1.9718395723334545, 0.11694218631335317, 537.4682449637676, 0.8007605319733788, 10961.620148436194, 555.3202086676656, 19.235704799697185, 1.9718387527134043, 0.1172312620394827, 537.4438676977877, 0.7977804795801121, 10967.380709914907, 555.2372941979451, 18.24227855995514, 1.9718378887714447, 0.11616649056910061, 537.3079974110827, 0.8005652358696338, 10962.515714256193, 555.2087176706966, 16.83347008467797, 1.9718371260194512, 0.1150536388495329, 537.0347834711303, 0.7950733056863657, 10966.240638314606, 555.2352704874455, 14.994863620113781, 1.9718362731433154, 0.11406244297443503, 536.7890701112025, 0.7931788310373039, 10964.85006546734, 555.2266036025675, 12.743643450989984, 1.971835333500224, 0.11296208809730131, 536.829658685295, 0.7887022904033946, 10968.653444316722, 555.2412230536714, 9.760321261171853, 1.1390410664055826, 0.11095178527279254, 551.3667018865697]}