{"obs_size": 14263932, "obs_mean": [5183.637721849265, 560.1479950268973, 2.4547214610950197, 0.06610943236374922, 0.10224454646888481, 629.0382984795955, 0.566920902385141, 5186.390367087392, 560.4347148458083, 2.355637421715135, 0.0661010038146648, 0.10233073395309271, 630.1011253727734, 0.5668816150413711, 5187.118132644727, 560.7901593333451, 2.2350532097320714, 0.06609073187078572, 0.10226265316113495, 631.1490149585667, 0.5666170884718471, 5188.748525647521, 561.2092549235372, 2.0904132184589774, 0.06608095188627659, 0.10225388571433135, 632.4340820791365, 0.5670865236878799, 5192.929287280932, 561.6135569771365, 1.907894120639386, 0.06576924803764664, 0.1022884381917277, 633.93359729271, 0.5664829262366381, 5190.407479098553, 562.062183695211, 1.732675884882233, 0.0651565929585983, 0.10226892433839489, 635.7373496369222, 0.5678873872225654, 5196.230886156423, 562.5169254171992, 1.5258357232774244, 0.06394107523999194, 0.10234276915677917, 637.6073731156793, 0.5676504577419746, 5197.815676543524, 563.0597945924026, 1.3109170739176266, 0.06362793730817894, 0.10242851138500957, 640.1441906654699, 0.5696788384156879, 5200.8390083371105, 563.4682602244598, 1.0824817448653008, 0.0633153736390588, 0.10262236078838652, 659.095552732534], "obs_std": [10904.139957166102, 557.1108782186685, 23.42716023510767, 3.771919560411074, 0.1540411622823815, 533.364005887298, 0.8896489548058311, 10911.129393070025, 557.2000151856811, 22.8070725534282, 3.771919039721058, 0.1541978104229248, 533.2966656251245, 0.8874628574654124, 10908.813585289648, 557.2532847581015, 21.985214625133423, 3.7719182457089198, 0.1526221173735252, 533.0649427815241, 0.8888451701127783, 10912.998842824025, 557.1781335658037, 20.84012992465847, 3.7719176795125016, 0.15190971365113018, 533.1583905115605, 0.8829744380303776, 10919.458342195558, 557.1456931070071, 19.367720410557826, 3.5964084106891243, 0.15326649378688403, 532.7809011522089, 0.8766765895188217, 10909.591760974303, 557.0942959511383, 17.725926498697213, 3.216790451381901, 0.15242102908307412, 532.8078665268623, 0.8786413014997871, 10920.18443697378, 557.0340773235383, 15.78792852207085, 2.274843585388884, 0.15271639624659164, 532.9772082117228, 0.8695977262889422, 10920.422453908133, 557.1067349247207, 13.411082639353266, 1.9702035717542445, 0.15359481347753456, 533.7146437857722, 0.8721324529722143, 10921.654823449202, 557.0270994867885, 10.230326570513538, 1.6088792894587447, 0.15456381213269973, 549.5369573192972]}