{"obs_size": 14240206, "obs_mean": [5207.589311419067, 560.8494604642657, 2.1310529496553627, 0.06361531972691452, 0.09967086458889692, 639.8820484025331, 0.5604255361896052, 5208.7797893007655, 561.1700545624128, 2.049032998539488, 0.06360826462939694, 0.0996728195555608, 640.7879042114984, 0.5604531808739582, 5212.373376016694, 561.4855374985448, 1.959942644088154, 0.06360090847120652, 0.09968845871169349, 641.8215839420743, 0.5609218580124805, 5210.946198466394, 561.8122631091152, 1.862346232912642, 0.06359289533881218, 0.09970773414359392, 642.9764008418064, 0.5607888571275138, 5215.064737497016, 562.1287371123703, 1.741456057587931, 0.06358453794531661, 0.09968210320468762, 644.1804455295952, 0.5610777410804574, 5214.820535699446, 562.5006983747285, 1.5910891317162126, 0.06357562341528797, 0.09967464520218393, 645.5679113849831, 0.5610364470149163, 5216.35228910176, 562.9060956000217, 1.4120402471705817, 0.06356588874796647, 0.09964869144266592, 647.0612454522048, 0.5611200383618414, 5217.974171949848, 563.3625224944077, 1.225599615623538, 0.06355598494636418, 0.09963257803159506, 648.8703730721303, 0.5617207323405624, 5220.157118891139, 563.8640580761262, 1.0209818593916409, 0.06294324514105472, 0.09967340513486983, 666.8110303030246], "obs_std": [10956.608377375956, 554.9749547689771, 21.20562497163237, 1.971839995675338, 0.11752799576099336, 537.6368048645438, 0.7968344569515681, 10957.845272069086, 554.9906602960548, 20.639641395385745, 1.9718391608322536, 0.11703216973097169, 537.5551522863336, 0.7977683360601926, 10964.300623913026, 554.9615922543273, 19.991566313063675, 1.9718384148816037, 0.1162471525215166, 537.5151355289463, 0.7940831076816228, 10958.795101410213, 554.9651557342842, 19.241670200546537, 1.9718375504067518, 0.11632561322149992, 537.4733702961038, 0.7925975369340614, 10965.577073594042, 554.8880736837657, 18.25105224777075, 1.971836666158407, 0.11554607697906752, 537.3663067046045, 0.7945452091269065, 10961.155867488174, 554.8547726798288, 16.8426240824779, 1.9718357459012217, 0.1142533342993481, 537.0725455478862, 0.7908814896698039, 10964.39211161502, 554.8778726855675, 15.004422191901195, 1.9718347920032524, 0.11307647569451014, 536.9034108665322, 0.7875122832576154, 10963.28003835237, 554.8539617922256, 12.748133012123327, 1.9718338118204832, 0.11196234248856464, 536.9296791655186, 0.785837568059856, 10966.11112927011, 554.8801833435122, 9.762996314471382, 1.1390384071108652, 0.11022656476603594, 550.7526138205283]}