{"obs_size": 14289507, "obs_mean": [5149.444959881333, 558.8729391433868, 2.7565330980278047, 0.06636766593690785, 0.10018514760761146, 633.8049662080039, 0.5592989620285985, 5152.771786217475, 559.2924421395362, 2.608070523356754, 0.06635877924228642, 0.10015758454087996, 635.1882789142633, 0.5593951532407947, 5156.485966113222, 559.6475676872548, 2.4354087933194615, 0.0663495398448739, 0.1001435862424788, 636.6976683786214, 0.5595736346257878, 5155.294269582099, 560.1122662944215, 2.2531962089384887, 0.06633974778108889, 0.10013397931923033, 638.2851183788633, 0.5601110967649521, 5157.09609767423, 560.5351456841723, 2.054717143145666, 0.06632916295573438, 0.10018584015214828, 640.5030019646817, 0.5605172196633893, 5159.456761428738, 560.9623486660527, 1.8419434624301594, 0.06631838437652943, 0.10016868420555002, 643.1108077395573, 0.5619185524035579, 5160.953170910879, 561.363760205303, 1.613589398150685, 0.0660072703958309, 0.10021858269029119, 646.4925423394482, 0.5645704074325738, 5166.471517788404, 561.7383627020861, 1.3656991805245626, 0.06569576831209889, 0.10032645269035521, 651.6062877772225, 0.5713345580082302, 5167.988933864231, 561.5675032735559, 1.11581008358091, 0.06418152863182117, 0.10062112159635754, 659.5821373211845], "obs_std": [10841.124640068638, 553.3676296008659, 25.350672054523795, 3.9360822506355753, 0.12179125187011658, 538.9582731389376, 0.8047531820533709, 10847.451367946178, 553.3504366265873, 24.358880997152312, 3.9360817661825056, 0.11997017784831777, 538.7437025699604, 0.8035396400102573, 10854.638856975727, 553.3027025202086, 23.195018071341924, 3.936081269244632, 0.12001837997168457, 538.913121421553, 0.7997517248477752, 10846.985923670234, 553.3449279249417, 21.88310029436726, 3.936080791653357, 0.1189657750583664, 538.7762994046662, 0.7998390969284632, 10850.342767901751, 553.2804901389825, 20.31980882372752, 3.9360802484996738, 0.11899299570930498, 539.3883297466501, 0.7972694869168145, 10854.611059593508, 553.2425144498088, 18.53866601531998, 3.9360796855976927, 0.11743991157006797, 540.6205237216129, 0.7978635530423325, 10851.390741763624, 553.1195939694575, 16.442011865161735, 3.768531786213785, 0.11655420399026607, 543.104197418149, 0.8054617510211991, 10863.04996600344, 553.1162508042971, 13.840601379725594, 3.593179718994557, 0.11642751533375206, 547.796274784807, 0.8181762476766372, 10864.501250349584, 552.8330696922156, 10.485542508166231, 2.540961805934403, 0.11686240996939291, 553.7502655225705]}