{"obs_size": 14251841, "obs_mean": [5200.692801684382, 561.3083657051744, 2.29717767690504, 0.06574528651850078, 0.10185132256569512, 633.4774100923034, 0.5649923630217681, 5200.858797515015, 561.6429104843368, 2.218120522113599, 0.06573598397583273, 0.1018202486078822, 634.4282611015138, 0.5653236521513642, 5206.985171369488, 561.9653975931952, 2.1137036260789044, 0.06572736057103887, 0.10186074655660284, 635.4181669125192, 0.5651567196126073, 5203.775032670209, 562.3668939332118, 1.989712486969227, 0.06571786335745074, 0.1018722557412067, 636.579392738567, 0.5652501176514988, 5208.9968420242985, 562.7910271381783, 1.8424739652933257, 0.06540710904023637, 0.10188442657380185, 637.8245823668632, 0.5656394378102129, 5208.82138257677, 563.1666126502533, 1.6563286806244892, 0.06509535494937893, 0.10188661586548677, 639.3005395073765, 0.5652118172663099, 5210.444637235407, 563.6882140349448, 1.4778165852397596, 0.06478318507048393, 0.10183066668243053, 640.9919557385739, 0.5664551173424182, 5216.4656844087485, 564.2126033401579, 1.2675843071782795, 0.06356746089435876, 0.10193514154003103, 642.9720341190488, 0.5665743448864189, 5215.305857211038, 564.7150145725033, 1.0500008384881645, 0.06325490949535006, 0.1019918331550985, 664.3333680035179], "obs_std": [10932.21855602456, 556.4342779258209, 22.471723447668445, 3.5979336377252342, 0.1493821971228009, 535.9155714452776, 0.8627649023819955, 10929.30336574564, 556.5488869962863, 21.901923693838885, 3.597932910558433, 0.14838306319471797, 536.0266271518534, 0.8585840692731382, 10943.61632224241, 556.4420158869001, 21.188072905430104, 3.597932582806524, 0.14762528933238073, 535.6625367627412, 0.8562692706456425, 10928.324431062054, 556.6308076158973, 20.27525587332425, 3.5979320554118823, 0.1474875376915011, 535.4925460345568, 0.8561443810403103, 10944.181794460765, 556.598378630217, 18.940811264125998, 3.413328292191523, 0.147396571636409, 535.2607383269805, 0.8571520401973375, 10939.869479857292, 556.510770084052, 17.30226841030208, 3.218151894482746, 0.14737380709504128, 535.0412052854861, 0.8520301191273169, 10941.20455054393, 556.5851441255508, 15.41125133551517, 3.010348291622259, 0.14445834398942942, 534.9461138655274, 0.8551680520928079, 10954.040508361388, 556.5863212461435, 13.033522296307954, 1.9710364838096235, 0.14535937857994952, 535.1190632848361, 0.8472967278272676, 10941.42351491731, 556.5803134016721, 9.86959493083927, 1.6095582149427614, 0.14535383345574782, 553.6693110646968]}