{"obs_size": 14240206, "obs_mean": [5228.12795391427, 564.380283262756, 2.1283067815170646, 0.06365939246694323, 0.09973937136443059, 645.9340892506796, 0.5571498780284909, 5229.15356827686, 564.706127144509, 2.046491953838309, 0.06365247107008984, 0.09972914400852137, 646.8894213111352, 0.5573025739234759, 5232.992730452395, 565.0177210919562, 1.9573895911337236, 0.06364522137573847, 0.0997445677348351, 647.9278106546194, 0.5577443159881634, 5231.500142863408, 565.3528762856381, 1.859188483649745, 0.06363728004392062, 0.09976077680589782, 649.1218019474281, 0.5577484592568754, 5235.273553119954, 565.6667984999655, 1.7390920468425808, 0.0636290795860059, 0.09974618580566956, 650.3215136962142, 0.5580184889179648, 5235.337139478919, 566.023711173841, 1.5870384880668158, 0.06362041934141384, 0.09973253354544243, 651.685324911116, 0.5578804335415267, 5236.393331441554, 566.433484810543, 1.4082965513279795, 0.06361098358837773, 0.09971041576105008, 653.1705039692957, 0.5580489740106725, 5238.346449933842, 566.8782489522974, 1.2216771302325262, 0.06360088772171685, 0.09970162550267861, 655.0568170120125, 0.558599828612073, 5240.350494919363, 567.3666477156299, 1.016877705280387, 0.06298804779390918, 0.09973637938938569, 673.988606677788], "obs_std": [10970.282879571912, 555.1170820053629, 21.233965249327618, 1.9718375344204324, 0.11765357150821983, 544.2188791636047, 0.7907400766208067, 10970.773232094994, 555.1429214658357, 20.665531090447153, 1.9718367669834493, 0.11696690644733222, 544.1690456657589, 0.7915051682009445, 10977.99322135968, 555.1051609193823, 20.016581537716032, 1.9718360441928933, 0.11618368106618017, 544.0876970799857, 0.7882891714488991, 10972.222062541656, 555.1062812439037, 19.265697658836444, 1.9718352904386212, 0.11631257938960367, 544.0768968453373, 0.7876336158288052, 10978.228938656724, 555.0156645052468, 18.275265520613587, 1.9718345043296286, 0.11535724406648488, 543.9905443534219, 0.7899655246016393, 10974.422712196956, 554.9743168395984, 16.863665513196935, 1.9718337435127724, 0.11414514477132252, 543.6362882974869, 0.785283153419233, 10977.276446193215, 554.9895863995534, 15.020785504236434, 1.9718329305375575, 0.11304830694342322, 543.4890461072496, 0.7829026119702504, 10976.821763253763, 554.9681818034262, 12.754331014166985, 1.971831893444988, 0.1119629530513216, 543.6704493567693, 0.7797157234175329, 10979.14679368176, 554.9861605041507, 9.767731612687793, 1.1390350301505987, 0.11034771935693692, 560.262319617002]}