{"obs_size": 14251841, "obs_mean": [5207.90462035305, 560.1131017389262, 2.305109985439776, 0.0660252856781882, 0.1021257931155703, 630.1501429381186, 0.5645312646275226, 5207.3536449548155, 560.444682900967, 2.2259862427597947, 0.06601667567896073, 0.1021351066488885, 631.0859994969028, 0.5649237171534813, 5212.008973106497, 560.7531739934511, 2.1208525972188434, 0.06600801393568137, 0.1021700476281635, 632.068235501787, 0.5647890015051629, 5208.983954139186, 561.150523220123, 1.9970911126499373, 0.06599760111091009, 0.10216228768521947, 633.2511374468239, 0.5646928357536622, 5213.154871051474, 561.5866200022862, 1.8488466858422008, 0.06568648928409426, 0.10213644571582009, 634.4896239589416, 0.56513626162405, 5214.751840167757, 561.966455140778, 1.6630090105551978, 0.06537491377248143, 0.10217129695805617, 635.9773218276383, 0.5646395690914869, 5215.5099402879805, 562.470952349244, 1.4835396353355332, 0.0650627680091374, 0.10212507548358084, 637.6877579833513, 0.5659626856628829, 5223.022339760055, 563.0170464292999, 1.2722813845593703, 0.06384698430765018, 0.10223188871143184, 639.6372217625269, 0.566007240187443, 5221.256881981101, 563.5215477074154, 1.05436469576106, 0.06323184176143443, 0.1022636109612077, 660.6033391766028], "obs_std": [10955.820102426353, 556.1302798230743, 22.506974979614338, 3.7735178200143222, 0.15572688480188185, 532.7746384296993, 0.8767879803058928, 10949.699197989368, 556.2102640313964, 21.93402836981115, 3.7735172781624855, 0.1558980014635284, 532.883423703258, 0.873375661877749, 10958.551280877338, 556.0685126003326, 21.222283194057344, 3.7735167792093027, 0.15518662662164934, 532.4911185928166, 0.8706162739195762, 10944.956094144272, 556.2447527034855, 20.312547138941234, 3.77351602516775, 0.15454582855052373, 532.3939806788169, 0.8698454569331797, 10956.976256143053, 556.228466624546, 18.97520449107303, 3.5979325066640424, 0.15386500406485978, 532.1686651879584, 0.8687357679228253, 10957.79658544919, 556.1435516784301, 17.335062176948586, 3.413328512782054, 0.15461250475171515, 532.0116059198986, 0.8628456399191381, 10956.650496400687, 556.2228808360912, 15.438727909863363, 3.218152605728716, 0.15201107925844567, 531.8973084544158, 0.8625601985739108, 10973.71081566936, 556.249569365207, 13.062522061680703, 2.2758064336465287, 0.15277691863871343, 532.0621029793041, 0.8573076460400914, 10960.637149125774, 556.3298855818933, 9.895319466165184, 1.609558795811847, 0.15211136433510533, 550.525340796631]}