{"obs_size": 14276570, "obs_mean": [5203.559127937484, 560.5589176531897, 2.6688514818335216, 0.06492494525835737, 0.09973585158557016, 629.9352501448217, 0.5605542679369419, 5200.788697411325, 560.9489801822147, 2.5508210305416497, 0.06491768488762403, 0.09975083627341888, 631.2349523848704, 0.5606203006044593, 5207.324794828808, 561.3740717133038, 2.407241375204268, 0.06490922996175605, 0.09975210865046781, 632.4996925792834, 0.5611471046617476, 5206.551507286973, 561.7668976511866, 2.2265672356875634, 0.0649008701005989, 0.09976729125742387, 634.07249443664, 0.5606495522384323, 5206.907125243255, 562.2057266556322, 2.0487139417941425, 0.06459111138957803, 0.09975309332780964, 635.6808590527486, 0.5613304274766663, 5213.853087223645, 562.786617724005, 1.8448595846201152, 0.06458179131325717, 0.09974101847558695, 637.7631056761284, 0.5615064386614307, 5213.023950420352, 563.3868228853288, 1.6310473033788928, 0.06427182230921784, 0.0997347223201373, 640.3229186345592, 0.5629486501309905, 5221.81069611208, 563.872522741807, 1.4098967048807942, 0.0636602706194208, 0.09975385788386233, 643.6444599724839, 0.5664006271114626, 5218.121583302243, 564.3508276848011, 1.1570467556282775, 0.06364927828638853, 0.09992319740021659, 661.108995104094], "obs_std": [10947.34519395376, 557.5980934822638, 24.64705852802409, 3.0077333907264783, 0.12053524759698503, 529.5086044645127, 0.8279557290143765, 10947.011050872048, 557.6086401751361, 23.907820319073885, 3.0077331365634556, 0.11992641315580606, 529.3866785402912, 0.8252086227603475, 10956.370121259557, 557.696698359273, 22.83669409772773, 3.007732571964152, 0.1196621044243463, 528.9658603155767, 0.8276534425546542, 10951.337109722406, 557.7302279671603, 21.558468090335264, 3.0077322289940622, 0.11942506058028596, 528.7330782583894, 0.8152408585457397, 10952.318345576074, 557.6593591068836, 20.060003630334826, 2.784670648894609, 0.11826557449451006, 528.49769681739, 0.8176654513134297, 10966.994253497565, 557.772602015348, 18.302920700437216, 2.7846702000329104, 0.11667148117111957, 528.6843800659201, 0.8138612832311235, 10959.831318048537, 557.8586651983519, 16.231027217424053, 2.542110909532205, 0.11444007407107123, 529.1030099770702, 0.8144758660053584, 10976.89333347833, 557.7908926222696, 13.820795762988649, 1.9693159969665992, 0.11350832669331413, 530.4128457637684, 0.825992279445755, 10958.809406565186, 557.7545503776225, 10.47471539038683, 1.9693150798757157, 0.11343163683151185, 539.5557375321296]}