{"obs_size": 14276494, "obs_mean": [5181.374301057745, 562.6396449996755, 2.5956579395473427, 0.06436899540069899, 0.10008418157504284, 639.3100098704954, 0.557329799529247, 5183.196693327846, 563.0067976773569, 2.478014069840957, 0.06436108734330055, 0.10005619641026736, 640.5527060713406, 0.5576235489610102, 5184.633055587111, 563.4233041389574, 2.3311581961229417, 0.0643522574528527, 0.10005759695419698, 641.7833370270471, 0.5576424576650685, 5186.879470848325, 563.8279142624233, 2.1566257093653385, 0.06434319366625352, 0.10005979430867251, 643.4503086775551, 0.5575814767267482, 5186.022691317172, 564.2411022622221, 1.9737810977961396, 0.06433340966095083, 0.10003717784436474, 645.2537842876089, 0.5582455212743777, 5190.700285371592, 564.7875864340361, 1.7741561058338273, 0.06432332815977834, 0.10006018870081182, 647.4407598604579, 0.5590725115704668, 5191.647594955364, 565.2566261016184, 1.5601136385445895, 0.06401228890462243, 0.10003671377342392, 650.1536209295691, 0.5603823494059909, 5195.59053043659, 565.5946715629201, 1.3338133998445276, 0.063700869371577, 0.10007478443173871, 653.7053582553274, 0.5630801053116166, 5196.4546941250355, 565.8680312547324, 1.0836273947931472, 0.06368940190022171, 0.10016486263322084, 667.2131298129574], "obs_std": [10885.42816322877, 554.944965449615, 24.404906818544326, 2.542125916751182, 0.12181174593064063, 543.1059860492924, 0.7951597812017064, 10887.063477963413, 554.8863502383666, 23.658894586039963, 2.5421253798917225, 0.12046947624814862, 542.9329545775502, 0.7961710096505321, 10886.959576506095, 554.9453782311031, 22.60628318616267, 2.5421247339119635, 0.12020408032718642, 542.5175150197725, 0.7972244870637037, 10889.04512252127, 554.9978970918277, 21.338870590492753, 2.5421241864439814, 0.11972785930002162, 542.6241795577502, 0.7900281288774382, 10886.786747933134, 554.9631077715562, 19.851118127858285, 2.542123471383872, 0.11883088878865239, 542.8256551998402, 0.7928732710039462, 10893.556923103222, 555.0473853770651, 18.09797537985077, 2.5421226864981143, 0.11745553043295075, 543.4606499789865, 0.7928530656879639, 10893.367264812407, 555.0433513404176, 16.053658770011623, 2.2738334847788613, 0.11525420287110018, 544.7950696011836, 0.7914304185314837, 10902.760192441925, 554.9261402514608, 13.636704959327314, 1.969327126181218, 0.11503934093944161, 547.6538589936423, 0.7979241053105403, 10898.6751435763, 554.7694787075097, 10.286018675640113, 1.969326025376237, 0.1145620185332664, 559.4694541462087]}