{"obs_size": 14251841, "obs_mean": [5208.053853848942, 561.4374925316665, 2.3019689877258664, 0.06579963908909124, 0.1015809664777343, 632.7045684281766, 0.5641932225458128, 5207.779951159795, 561.7661926624077, 2.221179705835898, 0.06579040951376819, 0.10159419541559644, 633.648143289695, 0.5644644124222593, 5213.4398047728955, 562.0817413694133, 2.1178383199756436, 0.06578142530716635, 0.10162691163008396, 634.6034193129151, 0.5642892645939875, 5210.163072915112, 562.4827193202618, 1.9940719939269598, 0.06577170651764287, 0.10159909661537818, 635.8137990350351, 0.5644093695684955, 5215.0019338699585, 562.9015664011408, 1.8454719639378516, 0.06515938929799357, 0.10164694490809967, 637.0807641449245, 0.564748361281921, 5215.430644035739, 563.2868350131047, 1.6601891643332254, 0.06514930369943832, 0.10163328182394088, 638.5882691456245, 0.5643933392886233, 5217.1074520788625, 563.7950657041432, 1.480176140050959, 0.06483729125234479, 0.10157063958024717, 640.3085103804628, 0.5654847377261996, 5223.181259828094, 564.34620804428, 1.2704701097914297, 0.06362172437021436, 0.10169679460022102, 642.2721881784445, 0.5655448982345793, 5222.387035313763, 564.8266532723736, 1.052144140535949, 0.06300754242375571, 0.10170579595744765, 662.6419310893716], "obs_std": [10946.21783392368, 556.2288385316184, 22.496206794469924, 3.597934827440904, 0.14599332081308308, 533.8793274912346, 0.859123992848771, 10942.359822734357, 556.341026322557, 21.924664939840206, 3.597933994338734, 0.1461957300228358, 533.9424879195738, 0.8559086645808406, 10954.972622528825, 556.2287095675035, 21.212351632460923, 3.5979334470839217, 0.14526234623592515, 533.5209932705027, 0.8521963219167239, 10939.677820009469, 556.4148849301483, 20.300564099577, 3.5979329121041874, 0.1440953908423176, 533.4680603964869, 0.8521016915129983, 10953.195225825588, 556.3910581922586, 18.962735900513568, 3.218153864223649, 0.14538637885815406, 533.2818317950379, 0.8511815199248681, 10952.277013859264, 556.3015545441932, 17.32269691803089, 3.218153134545731, 0.1445671807016831, 533.1169608728412, 0.8469947027379275, 10952.141930182386, 556.3648487509546, 15.429348712699012, 3.0103495601502557, 0.14125297191875236, 533.0649254045744, 0.8472088908890439, 10965.729748498534, 556.3680031849123, 13.05120894766867, 1.9710388000027546, 0.14290785382681662, 533.2282465981069, 0.840031464256824, 10955.117462783252, 556.365363586636, 9.889008454755418, 1.1385881913952236, 0.14157318574367642, 549.9719256098957]}