{"obs_size": 14289507, "obs_mean": [5157.88917645601, 557.9477920406911, 2.775456913943917, 0.06941831267412531, 0.10192903202321779, 626.9698242026157, 0.5651476339946666, 5161.253178509645, 558.3640842892619, 2.6274161172950192, 0.06910798623473172, 0.10194661878894694, 628.2962867973904, 0.5653949888544364, 5164.595189111606, 558.7400449154754, 2.451018149191571, 0.06909779450894289, 0.1019474038286975, 629.720865703436, 0.5653514583113697, 5163.821460741319, 559.2233030152825, 2.2725803626395225, 0.06848634369982823, 0.10193313122971974, 631.1928177974653, 0.5660722556768696, 5165.554271230162, 559.6461472043787, 2.0695457163077773, 0.06817480829094409, 0.10198829410713817, 633.2756517516452, 0.5661550075870667, 5167.9136156365175, 560.1074057348516, 1.8595434398121642, 0.06816304920149477, 0.10202096286421924, 635.747964594256, 0.5680190711268337, 5169.689109237791, 560.5339331860783, 1.629817949632552, 0.06755041079003749, 0.1022140552699955, 638.8975310300548, 0.5720295367083316, 5175.384204829093, 560.9117702241231, 1.37979504821265, 0.06693732880022474, 0.10258450987532342, 644.3941224048752, 0.5859255942140227, 5174.136924730537, 559.276720603447, 1.1395903301632448, 0.06452008808716098, 0.1037062311622789, 655.4305907314148], "obs_std": [10856.508630615705, 554.77848201338, 25.44852147529549, 5.329323629831697, 0.1487576792698438, 533.7716283409054, 0.8775286612569331, 10862.835449489228, 554.7392210372706, 24.454735337519274, 5.206802955482521, 0.14857259632693215, 533.525125727115, 0.8736289874153986, 10870.317976105927, 554.7052077760079, 23.28846973214644, 5.206802420812219, 0.14858373451430573, 533.5054303866177, 0.8696523002821033, 10863.263996053407, 554.7583613263118, 21.97792745286129, 4.952677176824636, 0.14744586896165135, 533.2085439100733, 0.8710181804091893, 10866.130966777473, 554.675267475802, 20.41367626565481, 4.820593103384125, 0.14751895778912763, 533.6126019472509, 0.8631394188203988, 10869.9812257355, 554.6456069249693, 18.63827873726423, 4.820592506179328, 0.1461091909003125, 534.3671935108893, 0.8617319949779352, 10866.125777581532, 554.5294501144404, 16.535187604990913, 4.544923732925097, 0.1475753198785224, 536.1077278345222, 0.8742342451237721, 10879.175746791683, 554.5476238788884, 13.930878225326365, 4.251417743372151, 0.15139898720321762, 540.2902773513079, 0.9142173364802856, 10881.098013558922, 553.3158541511617, 10.595546188974328, 2.7834209856435157, 0.15931660560037017, 550.120415466105]}