{"obs_size": 14289507, "obs_mean": [5151.987991507871, 556.5315645249343, 2.768656609356782, 0.069666825027841, 0.10248641991287719, 624.7963137061829, 0.5658320909181996, 5155.6572062548985, 556.9534973459895, 2.6232005764789506, 0.06935673975436026, 0.10248056130655822, 626.1235482795865, 0.5664892722331348, 5159.217168954016, 557.3288740472292, 2.4460861385910655, 0.06904564530820463, 0.10254119288377127, 627.4888122288141, 0.5659937885191226, 5157.641218850262, 557.8148195735514, 2.2701193960015553, 0.06843422693365885, 0.10250799890332107, 628.9460642085554, 0.5669727099752544, 5160.02831529107, 558.2330632540367, 2.066498235383488, 0.06842282364122906, 0.10259056670513607, 631.016710151023, 0.5669130764973533, 5162.205142276725, 558.7139243502244, 1.857604044702172, 0.06780997134660485, 0.10262187885705217, 633.4518185561873, 0.568935808982101, 5163.5913337462125, 559.1314438629688, 1.6298821225952722, 0.06719752016449, 0.10281475993034538, 636.5564195907311, 0.5729026733392867, 5169.922237495811, 559.5115126784989, 1.380464490482422, 0.06688497353695393, 0.10320485758270087, 642.00637869438, 0.5869305422503673, 5167.61651136237, 557.5844470351566, 1.144040868589798, 0.0644676165807616, 0.1043763472762221, 653.4363260536093], "obs_std": [10854.85237244656, 553.7437755106653, 25.36646882875792, 5.449089803582995, 0.1590372494702983, 532.7054632831113, 0.8986609804172146, 10862.648388834832, 553.7302410860947, 24.378133638710462, 5.329323299506626, 0.15868932199838745, 532.4467112624968, 0.8983848298417068, 10869.141081502628, 553.7123024906107, 23.212201318627987, 5.206802492592044, 0.15998517006135873, 532.3184951177686, 0.8913607464276332, 10860.907651594407, 553.7730944148464, 21.90655334542032, 4.9526772626361675, 0.15836131124125924, 531.9913336874735, 0.8915403490808987, 10865.735703152464, 553.698664619886, 20.344886556164244, 4.952676675508916, 0.1588878964689135, 532.3876103717514, 0.8811578182925865, 10868.745974913738, 553.6877437924514, 18.57544268063779, 4.684786093971245, 0.15770574066347834, 533.1694980137819, 0.8837516276078543, 10865.18326168327, 553.5564116196717, 16.48341653520135, 4.400618137366003, 0.1589232270070154, 534.8885513461543, 0.8893802358798977, 10879.266826479407, 553.5748453401775, 13.892706209234872, 4.251417241927628, 0.16302077073276935, 539.1150507781811, 0.9275242685211456, 10880.717509998489, 552.0966797348975, 10.568869408373654, 2.7834200366706536, 0.17060537646498608, 549.6407846713369]}