{"obs_size": 14276494, "obs_mean": [5237.610113769743, 569.849125072304, 2.550749784926187, 0.06389994325869572, 0.09796371113692263, 624.9041650162874, 0.5213666623612147, 5239.443815279687, 570.2121537682851, 2.4331736489364966, 0.06389299487150761, 0.09792464244120473, 626.1447538680897, 0.5216720816049022, 5240.788149958082, 570.6251709278202, 2.2826955273472604, 0.06388523023713732, 0.09793268576472695, 627.4391837766769, 0.521746174305816, 5243.642184058396, 571.0359883876253, 2.109234872371326, 0.06387733310777208, 0.09792353218815483, 629.0271673124566, 0.5217884494610464, 5242.655728017914, 571.4719880805469, 1.92270966527216, 0.06386891152324302, 0.09791868294610724, 630.560526592173, 0.5220094677306555, 5247.675703758166, 572.049043763826, 1.7228446283800491, 0.0638600530803368, 0.09793106066650616, 632.3730729486258, 0.5223665528805561, 5249.380813110045, 572.6101563871354, 1.506837182854558, 0.06355033407222478, 0.09787710781169405, 634.3580778565973, 0.5226258570206337, 5254.021535965821, 573.0924409032077, 1.2765992126638375, 0.06324015228123285, 0.09786833011571418, 636.641279620426, 0.5230980517345508, 5256.614186984371, 573.6176907299509, 1.0272249615346736, 0.06322966470291014, 0.09788281151667967, 644.0320579525525], "obs_std": [10842.97211703345, 553.1709286492948, 24.430438381990037, 2.542113991292918, 0.11533979550467476, 523.5229953086604, 0.740455705219501, 10844.80890905452, 553.1048977053912, 23.678019408067122, 2.542113633710459, 0.11388616690745362, 523.3812310611702, 0.7421462627822765, 10844.715882557515, 553.1563707510453, 22.61514348342514, 2.5421131938609527, 0.11376177807965715, 523.0583991548827, 0.7445885042528481, 10847.826493350816, 553.1859080704429, 21.342171591587025, 2.5421128443909917, 0.11334291778048243, 522.9144245466185, 0.737193662459103, 10844.427012299253, 553.1199289923566, 19.846561006431596, 2.5421124021934123, 0.11225251023466093, 522.562917778588, 0.7391935499569017, 10851.867204864733, 553.1740372015574, 18.090755369939185, 2.542111934120683, 0.110375895319756, 522.350375918455, 0.7393741996964407, 10851.19785562641, 553.160537284814, 16.037564729703146, 2.27382171460305, 0.10784243787358087, 522.0491500566989, 0.7353904059220733, 10860.863709383417, 553.0355326204991, 13.599355685354267, 1.9693138001593837, 0.10708559519503222, 522.0980944206956, 0.7370035510943465, 10858.088142384378, 552.8809121693729, 10.236727483529064, 1.9693129460567875, 0.10618530305469587, 521.4483289931877]}