{"obs_size": 14263932, "obs_mean": [5215.557897082251, 563.1017105942458, 2.45782705638249, 0.06378302105892965, 0.10113395847337238, 624.4154775111549, 0.5447673386973416, 5218.039418469483, 563.3910074024469, 2.3611732725590677, 0.06377526965461847, 0.10119330054055317, 625.4917938477768, 0.5450408744937859, 5218.711369904874, 563.715456018719, 2.240942399332807, 0.06376678639453287, 0.10115236211438851, 626.6037598915437, 0.5450457952267219, 5220.495912132254, 564.1405957347524, 2.0895438929462085, 0.06375808475434001, 0.1011125301848047, 627.9794975973356, 0.5452277511558417, 5224.36181899888, 564.5460431948218, 1.9138224298881963, 0.06374850758676795, 0.10111323969330545, 629.5054367379634, 0.5452135724567293, 5222.741904801179, 564.9905295398211, 1.7290830466662348, 0.06373878960136246, 0.10111078917643643, 631.2207054870483, 0.5457261743816423, 5228.088951964788, 565.4854298239785, 1.52700328352659, 0.06372932239400331, 0.10116452102351617, 632.9409860440556, 0.5456374992533584, 5230.3986370552075, 566.0534239086388, 1.3072272778641962, 0.06311732755352019, 0.10110607173414664, 635.0738486968359, 0.5461069119650774, 5233.787867848737, 566.5716199432246, 1.0750056155623848, 0.06310647587159961, 0.10114620992507653, 644.2209445955903], "obs_std": [10898.248843180274, 554.9197384508689, 23.50500627273386, 1.9702048549051239, 0.1210675750044023, 523.5621204273069, 0.7706683438610914, 10903.555398902665, 554.9945796873114, 22.887935166282585, 1.9702040595552737, 0.12058622857658363, 523.5253332216497, 0.771601180293117, 10901.229405348093, 555.0014355710053, 22.06292182747264, 1.9702032166244323, 0.12005286688980357, 523.3404839321929, 0.7736965791395105, 10905.593578903054, 554.913009900151, 20.906978096184737, 1.970202465534845, 0.11847477701600215, 523.4643304086467, 0.7697650639264539, 10910.704179464055, 554.8722051481333, 19.43413343340174, 1.970201599963638, 0.11846906699042, 523.0254580337476, 0.7658635849772801, 10903.128217503541, 554.806783439458, 17.781533730474685, 1.970200703208678, 0.1176823542789209, 522.7900073258771, 0.7670043018696772, 10911.775686619023, 554.7393442815437, 15.8376153788183, 1.970199949251889, 0.11701862676495298, 522.5466422760167, 0.761747004333375, 10913.192635202666, 554.7913597660398, 13.451219011918065, 1.1381015774933252, 0.1165313143362223, 522.3867714826914, 0.7611037195888622, 10914.63113102433, 554.737602713958, 10.259919800984772, 1.1380997580939332, 0.11571400872485758, 521.68714681499]}