{"obs_size": 14251841, "obs_mean": [5236.149127121022, 563.5884890941458, 2.312249975283895, 0.06342407392723017, 0.1010336642325013, 626.3491798391518, 0.5447090748486324, 5236.640822761997, 563.8960237487914, 2.2259955047211086, 0.0634165624158401, 0.1010387219917767, 627.2816610994048, 0.5448300537453252, 5242.248627604134, 564.2102806928593, 2.124013171350985, 0.06340837884825747, 0.10106047184093668, 628.3214708169992, 0.544887954615821, 5238.719359471637, 564.5954492475744, 2.0017486863626948, 0.06339972171378613, 0.10103742650188212, 629.5282912521927, 0.5451724752612531, 5244.320692394188, 565.0286528596553, 1.8477845072787435, 0.06339097795176965, 0.10104610444987472, 630.871452409503, 0.5454113822908807, 5243.982921042291, 565.4131930043284, 1.6678605241245674, 0.06338168254516216, 0.10102522933942361, 632.4350235138055, 0.5454806329231314, 5246.654173147205, 565.9354175365837, 1.4806340458050298, 0.06337177433091801, 0.10100403439176707, 634.0619125643158, 0.5458438091612077, 5252.724191827685, 566.5051398622817, 1.274430861248031, 0.0630606525289706, 0.10105570695329887, 635.8864985049021, 0.5459045048986815, 5251.896525097948, 567.0338697295317, 1.0531868830139208, 0.06305007148045891, 0.10100745130478186, 646.3588323289117], "obs_std": [10935.221556869968, 554.2791190511342, 22.537681210213215, 1.6095637148868651, 0.1226366327431287, 523.8021170227288, 0.769399127036229, 10933.266243902977, 554.36263118194, 21.959533061334167, 1.6095626042124382, 0.12212820328418657, 523.8204009797234, 0.7673358484723547, 10944.80416230241, 554.2453351096126, 21.250824027165557, 1.609561495501508, 0.12117494870664913, 523.4733879267222, 0.7664475712464257, 10929.049202203643, 554.4044214125247, 20.34047405910044, 1.6095604352441126, 0.1200860950592397, 523.3601420480511, 0.7671933608458633, 10944.187452060914, 554.3703219077561, 19.002355034821385, 1.6095595369710882, 0.11985015350598838, 523.2555198503305, 0.7679021555896071, 10940.358000995748, 554.2812555072761, 17.366730315150598, 1.6095584956057734, 0.11855762354566371, 523.1154545602645, 0.7678518034678902, 10943.293532823269, 554.3115605515453, 15.471762060933573, 1.6095574030262103, 0.11598573470098311, 522.7433191450814, 0.762239980600874, 10956.24406980684, 554.3082987529564, 13.101428429423589, 1.1385827211814938, 0.1155763246554834, 522.4487033892171, 0.7595703714537914, 10943.86861633193, 554.2762283390599, 9.931526450477081, 1.138580910048157, 0.11493586856960035, 521.8793993123787]}