{"obs_size": 14289583, "obs_mean": [5193.106946233513, 560.7343205886414, 2.8363597454173437, 0.06632714799312937, 0.10032392104297204, 626.1975011015163, 0.5619073385136891, 5200.569883375776, 561.3053273842909, 2.692362821224384, 0.06631842448888162, 0.10033613740148965, 627.6070115069136, 0.5625094909347913, 5197.926617597397, 561.6681677834825, 2.5097526638810943, 0.06630940449319657, 0.10034315086675394, 629.002376745398, 0.5620796515196158, 5200.377712040675, 562.2402855982572, 2.3299302715831525, 0.06599979296401476, 0.10032241666219385, 630.2984583232374, 0.5627030011303027, 5195.844340529924, 562.5742722513316, 2.1282136784537378, 0.06599021752503954, 0.10037543769359866, 632.4171802825448, 0.5624217997124559, 5205.664734373699, 563.1140651200249, 1.915688582375007, 0.06598010232440704, 0.10034478519009273, 634.8993539038922, 0.5642944516295954, 5206.828017259279, 563.6153547657758, 1.6939393542834664, 0.06566941866030089, 0.10036710350504914, 638.2390119839982, 0.5680990681114044, 5210.122594300809, 564.181136076539, 1.4410696239351422, 0.06535812092641997, 0.10053324049246208, 644.0296828754664, 0.5798637651638, 5215.4529473988705, 563.8174230836547, 1.2065683792172242, 0.06444530833762672, 0.10112538221171327, 655.6737596067019], "obs_std": [10929.19896355706, 563.0706747665637, 25.680643932651407, 3.768527386665847, 0.12241770784914457, 528.8713431059498, 0.8367046595818562, 10952.764939830757, 563.2297361563709, 24.66267757477221, 3.768526839729509, 0.12062297830608976, 528.7937615435726, 0.8360905978924768, 10937.166358722527, 563.2196192091086, 23.471256578343823, 3.768526330139386, 0.12097962739535405, 528.705781029899, 0.828338489863163, 10940.337166139892, 563.330392875311, 22.139463622056528, 3.593174817673785, 0.1196599796488173, 528.1392021600417, 0.8256179731485254, 10925.304082392156, 563.1711130848287, 20.56643314289098, 3.5931744194428723, 0.11972464652196138, 528.3791939677113, 0.8216235772716752, 10949.686635261203, 563.2273793380278, 18.78688793839104, 3.593173938509748, 0.11732390831445891, 528.7815511711246, 0.8249726875330481, 10943.688800679785, 563.0468671509915, 16.70819867331023, 3.408814211956909, 0.11599662414123774, 529.9479034303472, 0.8351584666069188, 10948.229666102021, 563.1089916696624, 14.107580594447219, 3.2138964178597482, 0.11645827303588521, 533.013353923534, 0.8619281005841022, 10968.275077079908, 562.6275421885754, 10.735175301063649, 2.540960165161552, 0.1204322846600136, 540.2378412103443]}