{"obs_size": 14240206, "obs_mean": [5220.371756758743, 563.7004824227963, 2.1368144533864184, 0.06367349626059657, 0.10004390538282884, 642.5130112766213, 0.5585163641593712, 5221.321443733946, 564.0189136308842, 2.0549286997674057, 0.0636663670705413, 0.10004390791881905, 643.4475358496455, 0.5585507501787885, 5225.15062724588, 564.3357098907138, 1.9661457846887886, 0.06365901029368005, 0.10005219676976636, 644.4951083247047, 0.5590520777579006, 5223.579549200881, 564.6613401519613, 1.8678052831539094, 0.06365090355372131, 0.100080637101107, 645.6524385598955, 0.5589413492333195, 5227.672018869443, 564.9803436130067, 1.747277111019321, 0.06364280129459671, 0.10005095284843542, 646.8370762612036, 0.5592073772669024, 5227.497567762748, 565.3557978023631, 1.5954846439721448, 0.06363397915557699, 0.10003993523984224, 648.2148405207452, 0.5591332577633015, 5228.702342273513, 565.7551012253616, 1.4170365232075997, 0.06362427479821027, 0.10001582166269235, 649.708636382266, 0.5592431527325185, 5230.64840613326, 566.2093732351905, 1.2289161406794256, 0.06361412510810048, 0.10001137314614592, 651.5480273896316, 0.5597657998768086, 5232.509619968393, 566.698684906665, 1.0256739263462902, 0.06300131409202342, 0.10004579629550343, 669.9265067758622], "obs_std": [10958.12714230035, 555.6093771517889, 21.226918289066546, 1.9718384775660132, 0.11801795395489023, 540.7292857632195, 0.7941604166343104, 10958.520833637856, 555.6289458219849, 20.65941754781456, 1.9718376246547773, 0.11752428002566127, 540.6270163274638, 0.7944858306457924, 10965.710752909159, 555.5891432489009, 20.012035242931663, 1.9718368502748937, 0.11676178175105495, 540.6198200674548, 0.7917131113421573, 10959.541091202778, 555.5900958120101, 19.26062555852184, 1.971835983585458, 0.11690796166608108, 540.6004512101368, 0.790580307516653, 10966.43553088424, 555.5151991036286, 18.269771417839564, 1.9718352139916848, 0.11580004474842244, 540.4725229317245, 0.7926976513526618, 10961.92152845446, 555.4858115864987, 16.8581771331129, 1.9718343195212071, 0.11474652531732614, 540.1689816642568, 0.78861518199828, 10964.70247441152, 555.5002119001617, 15.017734650362579, 1.9718333537939212, 0.11371039574715079, 540.0319206881543, 0.785721105488574, 10964.675903231016, 555.4849572163224, 12.757148584662971, 1.971832324871621, 0.1124960267185872, 540.1551653185386, 0.7830204712571034, 10966.487856015525, 555.5079075674062, 9.770103229964791, 1.1390358081750287, 0.11078237494477844, 555.8084072657197]}