{"obs_size": 14263932, "obs_mean": [5188.361614440921, 560.2004305685138, 2.449189396023481, 0.06338299826367176, 0.10036293692973329, 632.8707757685119, 0.5623641375323716, 5190.52904001241, 560.4979352818003, 2.351871209144856, 0.06337490417187443, 0.1004220153140808, 633.9274477322728, 0.5625078259627435, 5191.710865480808, 560.8481889145293, 2.231243671099947, 0.06336635605716108, 0.1003931031890096, 635.0119960189991, 0.5623334680788177, 5193.181833883801, 561.24671037411, 2.083890052195986, 0.0633572134222271, 0.10035928620937032, 636.3030604211043, 0.5624549926345959, 5197.274231891669, 561.6506020920459, 1.9052339144634172, 0.06334764772743827, 0.10035794265269962, 637.8329124359227, 0.5622647447422287, 5195.381370193514, 562.0869748958421, 1.7257643264143436, 0.06333758452628163, 0.10034483631876648, 639.6840726676643, 0.5632138183917672, 5200.401533688159, 562.5578118291647, 1.5220216276970473, 0.06332741034717021, 0.10040948857790437, 641.6475641156559, 0.5632703451615279, 5202.895438889042, 563.0619212149917, 1.304674124918711, 0.0630157488281023, 0.10039469851819253, 644.3275111531166, 0.5647854542492511, 5205.095744472885, 563.4647044727918, 1.076290815183359, 0.06300514903331915, 0.1004793332399522, 661.4868243492712], "obs_std": [10907.686882616152, 555.2650909882915, 23.43338747350671, 1.6088855906188904, 0.12104033782200552, 534.9508370004978, 0.8200020748794828, 10913.384800294061, 555.352981633864, 22.814517079444215, 1.608884658153129, 0.12037973257923497, 534.869213292106, 0.8182643379573005, 10911.882977385598, 555.3787284534793, 21.99192783186424, 1.6088841286836044, 0.12012432722409813, 534.6281389225379, 0.8195426348775572, 10915.966358516898, 555.2865801806519, 20.844194219807665, 1.6088825693996571, 0.11865737603038176, 534.6153587960309, 0.8162266742272938, 10921.434306289044, 555.2561557709083, 19.372151130677366, 1.608881540512589, 0.11921076077280539, 534.2857602103646, 0.8097192550620406, 10914.454381651723, 555.2106621318965, 17.726165516055328, 1.6088800790174598, 0.11795076520077735, 534.3440246278972, 0.813540311388679, 10922.596312415651, 555.1423130926544, 15.787826788199444, 1.6088790450698174, 0.11853117454033334, 534.7279682892187, 0.8066400619916161, 10925.556560963863, 555.2217069159315, 13.405033882530185, 1.1381053455083707, 0.11744757347478643, 535.7166688137244, 0.8085385803603854, 10924.702540615725, 555.1498348260649, 10.22413446116342, 1.138104534763538, 0.1174170059682125, 549.7067158681938]}