{"obs_size": 14276494, "obs_mean": [5191.976923429782, 563.5810551245984, 2.620275258057055, 0.06474400697286885, 0.10107603550857817, 633.0919168395773, 0.5532045926682129, 5193.728099450953, 563.9528064103133, 2.5034683585479742, 0.06473614631618377, 0.10103283064623583, 634.3757812061282, 0.553472569175612, 5194.99296201507, 564.3844471899054, 2.353893119697315, 0.06472728743108219, 0.1010344566293379, 635.6903033897959, 0.5536766250873834, 5197.722725320886, 564.7890655086607, 2.1813319852899458, 0.06471809028814221, 0.10104073487748486, 637.3604772203844, 0.5536521414851777, 5196.28892363676, 565.2256982701774, 1.9964871627445786, 0.06470866225553143, 0.10101664587110852, 639.051713244723, 0.5541668006164684, 5201.616731521744, 565.8019791834045, 1.7964325835180541, 0.06469857686888118, 0.10105356211356988, 641.0559163429946, 0.5545694844266583, 5202.629579486904, 566.3412196299735, 1.581469161826426, 0.06438775729041898, 0.10101559584047708, 643.3775614733271, 0.5552315079598837, 5206.875240927784, 566.7966856568565, 1.352951501958394, 0.06407668704053791, 0.10105686451106329, 646.2428265865575, 0.5567259320110597, 5208.870325337622, 567.266908107831, 1.1033914208908713, 0.06406504178961016, 0.10111579736803772, 656.4978740441409], "obs_std": [10874.476185078245, 556.3451126117963, 24.48275912752305, 2.7846861089886374, 0.12376242360564647, 537.5911091449599, 0.7873343224529438, 10876.252200270344, 556.2873026798842, 23.737095961508484, 2.784685630375953, 0.12237981829293634, 537.4956020606281, 0.78756994880983, 10875.492552358377, 556.3755752199061, 22.67598766481229, 2.784685059670251, 0.12189273938229175, 537.2753828013575, 0.7899411145684446, 10879.20467351041, 556.4192639999162, 21.41442951706486, 2.7846845172425225, 0.1218345093105421, 537.4034324286782, 0.7822717089384852, 10875.337178299784, 556.3790293661184, 19.92581637742019, 2.7846839279382043, 0.12063188941374377, 537.3132025896899, 0.785416901065364, 10883.189125510444, 556.448136418374, 18.16785653548586, 2.784683233795868, 0.1193233697181268, 537.5361481816905, 0.7845236527480646, 10882.11461704215, 556.4427777493406, 16.114989465285838, 2.542123532404488, 0.11709909184840027, 537.984867755682, 0.7819630805841243, 10891.252167032533, 556.3309160937968, 13.687140480476861, 2.27383448454436, 0.11680838537267788, 539.5036794443185, 0.7853901867665921, 10888.405737455814, 556.1696721883516, 10.340962549875606, 2.273833479926531, 0.11617953164069546, 545.1695444213352]}