{"obs_size": 14251841, "obs_mean": [5206.289718849869, 561.8007033617621, 2.3041182539154064, 0.06491401255326364, 0.1007054702728586, 634.9624580489402, 0.5632210679308376, 5206.594538406173, 562.1287355086266, 2.221889158039301, 0.06460344496462701, 0.10068730799242036, 635.9413354768179, 0.5633459534807058, 5211.898550005647, 562.4427705164547, 2.1184759919788605, 0.06459495352552094, 0.1007093687823212, 636.9433177500375, 0.5632571995435843, 5210.074361652292, 562.8457290535307, 1.9947105079266598, 0.06428407360804203, 0.10068631660036108, 638.1499825613596, 0.5633459666018236, 5213.973369655269, 563.2798063772956, 1.8458877698677663, 0.06427471705908806, 0.10068260489069417, 639.4093623169997, 0.5636373088221016, 5213.9872649267045, 563.653597384366, 1.6607983487887634, 0.06396337507428777, 0.10067933058606217, 640.9761625015777, 0.5635021044649948, 5215.814527020787, 564.1489492480307, 1.4800478057536566, 0.06395263028587751, 0.10066076846935043, 642.6962480992594, 0.564462140294749, 5221.322477949314, 564.6962519438716, 1.2707861391380946, 0.06333975956447474, 0.10072293152091813, 644.6783039035172, 0.5645254276974004, 5220.985539446154, 565.1695367637064, 1.0516062451159818, 0.06302688257019713, 0.10073475864388229, 664.7676910802833], "obs_std": [10940.316399328913, 556.4614922517012, 22.511757812663504, 3.0103516757061883, 0.1268737903105752, 535.6954267499837, 0.8346858388877547, 10937.770086079709, 556.5766220149011, 21.938768424162454, 2.7870968102143205, 0.12667012295060687, 535.8698924515463, 0.8302493731435252, 10949.707152908604, 556.4620521601794, 21.220584501077308, 2.7870964107376417, 0.12562254467672124, 535.4623477106871, 0.8282623528225069, 10937.477505343237, 556.6495954452724, 20.307209401051107, 2.5443271017335025, 0.12466614326818412, 535.2867231679912, 0.828644500234621, 10950.924957044872, 556.6443411576022, 18.968025963302242, 2.54432644138192, 0.1241843872921694, 535.0904081827382, 0.8296329195822283, 10946.877733408433, 556.55069576678, 17.32900236296333, 2.2758052248110134, 0.12384988174005757, 535.0157416386421, 0.8253794109079573, 10948.712143763638, 556.5960626330176, 15.435856838070038, 2.275804525728597, 0.12156165891927044, 534.9081692447919, 0.8250139541386291, 10960.677293518622, 556.5996128042015, 13.05734342560393, 1.609559234804018, 0.121149144990136, 535.1721260317228, 0.8180159420290126, 10949.566668244326, 556.5866764189865, 9.879283930187322, 1.1385838603833858, 0.12060798012823741, 552.1535301797562]}