{"obs_size": 14251841, "obs_mean": [5209.03536729524, 560.7845320474737, 2.2984622127064145, 0.0651188711678103, 0.10102932071267119, 632.5451832631314, 0.5632056545537123, 5209.589443457061, 561.1176340656621, 2.217776215718376, 0.06510968407605133, 0.10103722668825785, 633.5040782722227, 0.5634432842044994, 5214.892416001156, 561.4332574296893, 2.1143116878724646, 0.06479976902886543, 0.10109385224273858, 634.5092570731515, 0.5633466577405942, 5212.142876863152, 561.8356669148919, 1.9904784932697464, 0.06448863517731587, 0.10109557314083227, 635.7126023922527, 0.5635127520016763, 5216.744811334047, 562.2680260746665, 1.8415540139691424, 0.06417757322889832, 0.1010917570717357, 636.9330456448379, 0.5637485185247576, 5216.883331747546, 562.6563309259484, 1.656663865391145, 0.06386632998937582, 0.10109475648219698, 638.4694647310491, 0.5635682004170884, 5218.813162025859, 563.1560261583049, 1.4771654412928126, 0.06355434624257414, 0.10107794082238161, 640.1954717593234, 0.5645692142510104, 5224.555108761809, 563.6988163143274, 1.2679674155780998, 0.06324292053553826, 0.10114028242772373, 642.147872585205, 0.5646404253317366, 5223.869366006666, 564.1750691717651, 1.0500793546602154, 0.0629302170881029, 0.10116306125313848, 662.5967256322872], "obs_std": [10938.011322111897, 555.6433055760427, 22.475988082916274, 3.2181545811104093, 0.13578995002340077, 533.5448711985215, 0.8470956051494763, 10936.300805093128, 555.7611773235105, 21.905349111905693, 3.2181535807357236, 0.13591846389975165, 533.6504580671925, 0.8433979944790615, 10947.89719689658, 555.6513682957147, 21.189575171750544, 3.0103499401106237, 0.135394520224801, 533.3128713394193, 0.8420409886308514, 10933.097833890854, 555.8405970640082, 20.27600584158051, 2.787095280573551, 0.13484895869841285, 533.2189630000967, 0.8419109818078194, 10946.932122740043, 555.8231332248124, 18.93701034405001, 2.5443258300451044, 0.13476697290133066, 532.9108217755753, 0.8410677929385373, 10944.109718059955, 555.7432708874037, 17.29891357214526, 2.275804899247491, 0.13444172910442526, 532.7877936498267, 0.8374948303030543, 10945.293674751836, 555.8060084492838, 15.409011545243432, 1.9710355959702348, 0.13228720421436982, 532.7383974799765, 0.8369436227543431, 10958.304869751753, 555.802649178845, 13.03721439093077, 1.6095586120347303, 0.13162774548235612, 532.9378305958328, 0.8299553093255273, 10946.69491195108, 555.7968687879236, 9.878315473184967, 1.1385830945885802, 0.1313977210206178, 550.7767480960438]}