{"obs_size": 14276494, "obs_mean": [5161.435731612985, 559.5176241449756, 2.59680570033511, 0.06465193882063115, 0.10004985202543451, 632.8423609431967, 0.5593512948627553, 5163.399162485989, 559.8892148170272, 2.479316420404057, 0.06464420620028329, 0.10001566807803126, 634.0782448773421, 0.5595485307527409, 5164.506789111644, 560.3165282736785, 2.3323883300759976, 0.06463506234556662, 0.1000184764087742, 635.3032370588527, 0.5595898420158596, 5167.141312672324, 560.7180919909329, 2.158126147778299, 0.06462601462061399, 0.10001062022587624, 636.9284446046723, 0.5595157253594905, 5165.58318378784, 561.1317900599404, 1.975706500489546, 0.06461647391089914, 0.09999124952127668, 638.6401594588066, 0.5602378958727823, 5170.92984281172, 561.6888963774999, 1.7750956922616996, 0.06460646277287041, 0.1000182065370535, 640.6838793183592, 0.5607498743739495, 5171.523156200815, 562.1711455907871, 1.561845576371902, 0.06429544916679893, 0.1000045281312066, 643.2238763480668, 0.5619919406683731, 5175.5549771147425, 562.5315099771694, 1.3351666732742646, 0.06398403786791797, 0.10004633236612678, 646.50491694595, 0.5645818223297968, 5177.120955817903, 562.8355966808098, 1.0855311535171028, 0.06397238459029965, 0.10014641561604681, 659.6669377303167], "obs_std": [10871.746438583436, 555.0547952495635, 24.395463929632793, 2.7846864424085926, 0.12176942876788584, 536.3977976667167, 0.800135669257584, 10873.429000787062, 554.9983694245178, 23.6493913401329, 2.7846859764746, 0.1203586423515932, 536.2671868514415, 0.8009096505500445, 10873.30196894806, 555.0813902090814, 22.59174232915727, 2.784685307341862, 0.12021520207014695, 535.857781198395, 0.8022948178051735, 10876.005576606967, 555.1239245133753, 21.32765101515194, 2.784684820030849, 0.11973978678173695, 535.8619223212237, 0.7946017796043827, 10871.819105725657, 555.0760234527354, 19.83768095807392, 2.7846842598004957, 0.11882926219328864, 535.8250821835643, 0.7976874067646225, 10880.248807823531, 555.1486841703014, 18.08200089228221, 2.7846835709209006, 0.11725863112206852, 536.2327042504015, 0.7969673935198434, 10878.622750722783, 555.1390602483532, 16.036154548315427, 2.5421238248231637, 0.11526867824136139, 537.2244602126729, 0.796248825887383, 10888.202384504926, 555.0293071910226, 13.616599012196495, 2.273834676568814, 0.11475688017462715, 539.5652505495844, 0.8027361818424065, 10884.527821711557, 554.8674232337636, 10.273628901657075, 2.2738336632180793, 0.11439648062624293, 549.7738163059294]}