{"obs_size": 14276494, "obs_mean": [5169.703373328846, 559.3116193653707, 2.6058341774948386, 0.06771583230309172, 0.10175417085476295, 627.5378002385388, 0.5633675992159055, 5172.092990152496, 559.7191306212856, 2.4885661703776853, 0.06770685163129654, 0.10172764356641059, 628.7107194151871, 0.563405672429124, 5172.506030184608, 560.1384269835438, 2.3442254800093076, 0.06739578012998818, 0.10175703551292117, 629.8695731459893, 0.5636827168491374, 5175.681191574157, 560.5436007608031, 2.165361677734043, 0.06708521877535857, 0.10180173730322012, 631.4498075166035, 0.5632803989551218, 5174.30429407104, 560.9810638382224, 1.987750704059414, 0.06677477980574882, 0.10172338221779126, 633.0922863062892, 0.5643516495716898, 5179.239311775413, 561.5204641980026, 1.78473608436357, 0.06586193230831719, 0.10178729190269058, 635.053515456941, 0.5647204431984741, 5180.461326325264, 562.0405143587774, 1.5728766460448902, 0.06554992031755824, 0.10186707229898354, 637.5373487931453, 0.56644621844834, 5183.478937491947, 562.4009380734514, 1.3476395535206334, 0.06493709368183069, 0.10202122018844459, 640.7154816455666, 0.57033625916842, 5185.839114685064, 562.69844045744, 1.0970435038182342, 0.06462331816390601, 0.10232891437869857, 657.0205023903799], "obs_std": [10880.397736008274, 555.3519406726747, 24.40172841114305, 4.546998331764882, 0.1458139661462647, 532.8629119968372, 0.8565890807935088, 10883.232702603815, 555.337797527481, 23.656532396297994, 4.546998000345726, 0.14466769630508197, 532.6430213800282, 0.8571149464548852, 10881.41831170868, 555.4265706662276, 22.599811892058867, 4.402626234766286, 0.14494499620925355, 532.2133343053705, 0.8585547647758687, 10884.339749164139, 555.4814646502239, 21.32744912573527, 4.253357202933678, 0.1464067599157782, 532.1359612984754, 0.84920673446278, 10880.877229989144, 555.4528706130658, 19.844356644749563, 4.098655943258627, 0.14406474665549124, 532.1069018249051, 0.8540205213333137, 10888.404973457305, 555.5171108408905, 18.093681625409737, 3.5948266791761974, 0.14367966900890156, 532.3979699826717, 0.8511018610310951, 10887.997761273653, 555.5312142712444, 16.049871856736065, 3.4103826837474913, 0.14283761283265087, 533.1588783286081, 0.8492948754040883, 10894.154827733022, 555.4060206844061, 13.63823992628062, 3.0077522973311517, 0.1439263428299894, 535.1180792116066, 0.8618146259984487, 10892.298527779429, 555.2624223105497, 10.299242825930596, 2.7846906669384177, 0.1454766279651999, 549.3338186862798]}