{"obs_size": 14263932, "obs_mean": [5189.383288242413, 560.5312486767324, 2.452918662259467, 0.06679627715998092, 0.10156905921452772, 629.3663993621094, 0.5638286437428607, 5191.223129082331, 560.8246043937955, 2.3538104360003964, 0.06648652815059145, 0.10165916284324761, 630.4138994664331, 0.5640272224377074, 5192.4559742717565, 561.1924861251441, 2.2342605811637353, 0.06647683447566372, 0.1016285514961102, 631.4726363069669, 0.5638406809567167, 5193.940931550371, 561.5866744877919, 2.086049835346943, 0.06616653674527664, 0.10160918234116591, 632.7156497495346, 0.5640110579607602, 5197.819507387046, 561.9843423258047, 1.9063584290783215, 0.06585541871772294, 0.10163285100314597, 634.2281545367207, 0.5636473706549099, 5195.827394146283, 562.4238388124676, 1.7283927040594416, 0.06524332919997987, 0.1015882235010664, 636.0560510118303, 0.5648231514985079, 5200.8686083435, 562.8791961431112, 1.5227666536828695, 0.06432958976985646, 0.10169826414813278, 637.9448005200347, 0.5647927633839306, 5203.195398955502, 563.4202205955552, 1.3068432322868617, 0.06341430868102328, 0.1017172948358836, 640.5599028977408, 0.5667156373852825, 5205.51021250826, 563.8236068427695, 1.0774345390878195, 0.06310134536564845, 0.10192531920321982, 659.2854113955824], "obs_std": [10902.964135704335, 555.9942957910888, 23.4523290270606, 4.100462246809857, 0.1413351731328118, 532.8506837585259, 0.8592833363709488, 10908.626626108673, 556.0918957231448, 22.832311895983082, 3.939617162498117, 0.14144182348679218, 532.7770248758269, 0.8598230586701999, 10907.381172686042, 556.1522504695915, 22.010073078902593, 3.93961664381447, 0.14126786542228523, 532.5622809001882, 0.859975945792541, 10911.584319019625, 556.0595147926751, 20.858274142386566, 3.7719187163600623, 0.14045826790380195, 532.4821529478241, 0.8526451871315738, 10916.374882968861, 556.0194211979517, 19.385992960452274, 3.596409747858671, 0.14126592910122743, 532.1657465962751, 0.8481769393915114, 10908.242082775307, 555.9599164412876, 17.737720419077068, 3.2167923017863362, 0.13923044101396398, 532.2456916367471, 0.8561407358361186, 10916.895646160316, 555.8825805297638, 15.797725540227603, 2.5432524704546386, 0.14059831845435353, 532.5012997856579, 0.8436848679128165, 10919.189110366666, 555.9719905313212, 13.414649775368021, 1.6088851877097383, 0.1400624490890751, 533.367698590126, 0.8448210897607551, 10919.36541113087, 555.8867683901241, 10.233795442936064, 1.1381123501810435, 0.14131151050863536, 549.7445439423828]}