{"obs_size": 14289507, "obs_mean": [5222.5060473118, 569.0442518415786, 2.706751814460779, 0.06514878869705668, 0.09803408204495757, 623.4311202285738, 0.521605692204765, 5226.024386836245, 569.4701307749804, 2.5537524842529558, 0.06514096122141323, 0.09802417423274251, 624.857901090732, 0.5217542873942312, 5229.784303266671, 569.8489590298672, 2.3825521762227346, 0.06513282881698514, 0.09801152295394129, 626.2810701632076, 0.5219922010605421, 5228.848479016846, 570.3474963831852, 2.197235775873863, 0.06512455258436213, 0.09800848468851986, 627.6752910281601, 0.5220566585677118, 5230.949238803317, 570.8077955383625, 1.9981177797106644, 0.06511540308200364, 0.09805015738555609, 629.5950556843811, 0.5220853838414372, 5234.041644096561, 571.3151690957568, 1.7834378050971247, 0.0651062599326284, 0.09799924038051148, 631.5717753212933, 0.5224600782238265, 5236.165073132141, 571.8512828329207, 1.5510208294799814, 0.06479634425758171, 0.09799689208647934, 633.8063779231857, 0.5230151108782093, 5243.093739955199, 572.4609392052503, 1.303324880277535, 0.06448581069522695, 0.0980131779178951, 636.563054048444, 0.5239036926186417, 5246.131705430248, 572.9185393869782, 1.0445206402152292, 0.06327395356901494, 0.0980527875540424, 641.1332855657898], "obs_std": [10817.740139889755, 552.8754831603248, 25.379354635422867, 3.408815970140055, 0.11481695763335782, 523.6907297514934, 0.747575554724776, 10824.579012580738, 552.8375330081801, 24.38132043611187, 3.4088155550256984, 0.11311481078933235, 523.5520440408934, 0.7465191081485604, 10831.389209849904, 552.7957517923534, 23.213030997976812, 3.4088151542352767, 0.11319684815557628, 523.4391720081047, 0.7434839743883159, 10824.011637275742, 552.8361365656577, 21.9002706059948, 3.4088148614865066, 0.11204385216481172, 522.8968828184447, 0.741807254537367, 10827.900923576639, 552.7728805179073, 20.33160936035169, 3.408814474153055, 0.11161340499847965, 522.8365217989182, 0.7394361016327851, 10831.958268857055, 552.7217835791673, 18.547025883771628, 3.4088141393049307, 0.10991094611120733, 522.6109214327328, 0.7378896604305715, 10828.541487741883, 552.6034915679265, 16.441353331887726, 3.213895272753074, 0.1084686303620542, 522.5073877099078, 0.7405109386186259, 10841.424172899844, 552.6263054460874, 13.828436845061669, 3.0063651582936557, 0.10753796639334144, 522.3232703756717, 0.7371943779940413, 10842.927951226528, 552.5213943277672, 10.43967918252074, 1.9684176076474342, 0.10652916500954276, 521.7526959041513]}