{"obs_size": 14240206, "obs_mean": [5217.493876251674, 560.9888694025915, 2.142003563712491, 0.06638618374180238, 0.1007512692488435, 634.515926308185, 0.5632411617500716, 5217.706271887653, 561.305830547676, 2.0555159805974723, 0.06637822036781747, 0.1007576574715994, 635.3950155961227, 0.563019218331559, 5221.888600644156, 561.6636732642773, 1.9700508546014008, 0.06576677946878833, 0.10077014661578669, 636.3786307215494, 0.5636892125015867, 5220.51163979662, 562.0032356273498, 1.8706247648383738, 0.06545700320951225, 0.1007960534397473, 637.503019225418, 0.563399283760387, 5224.4097141678585, 562.3358409281439, 1.749725179537431, 0.06544819759160196, 0.10076334776610725, 638.6582172003145, 0.563549087000595, 5224.392713810915, 562.7067886517932, 1.6016372235064578, 0.06513685734877107, 0.1007768262914882, 639.9947807876216, 0.5636170954268797, 5225.694106044298, 563.1052830275069, 1.419223289326011, 0.0651267351520838, 0.10076345930248495, 641.4206919630195, 0.5634637298084331, 5227.634154830292, 563.5689447189176, 1.2367484711948689, 0.06451316568834145, 0.10074914803732458, 643.1537512107619, 0.5642294632535864, 5230.503611338139, 564.0724591343693, 1.0301435948328275, 0.06359857955243807, 0.10079450024128904, 663.6667940385566], "obs_std": [10960.438528965871, 555.5540786879386, 21.206009411871765, 3.9428952335467917, 0.12655806961218177, 533.6274586688376, 0.832211049214404, 10959.243608188746, 555.5726496334426, 20.637096100673304, 3.942894545409491, 0.12592323854296622, 533.5217817688747, 0.8331470823720342, 10966.711516943524, 555.5853612421434, 19.995502809498152, 3.5994021064406367, 0.1255015913856254, 533.4355820810254, 0.8311006447581284, 10961.218180254065, 555.5925902468133, 19.23726387236442, 3.4147232809162, 0.12530429865887122, 533.3944103285769, 0.8278631522291452, 10967.897668773167, 555.5427416579128, 18.244920540647833, 3.414722976123078, 0.12495342551552688, 533.2828629262181, 0.8304770736025407, 10964.035424107371, 555.5294305836462, 16.83708397048056, 3.2194670982047793, 0.12416115270912052, 533.0456679181605, 0.8267826397253508, 10966.663403470913, 555.5434065691414, 14.99850997541127, 3.21946632409171, 0.12406789522457437, 532.7940873673128, 0.8216768636611937, 10966.357812106124, 555.5286871142038, 12.75490121189057, 2.788232559139682, 0.12257759332741049, 532.7785998820757, 0.8194720325019268, 10970.329443267381, 555.5592255398391, 9.770339829857306, 1.9718422558050757, 0.12095736263919206, 549.4833257518907]}