{"obs_size": 14289507, "obs_mean": [5173.7075667871795, 562.7249311680242, 2.791936908670117, 0.06631993465366662, 0.10119723038114592, 631.938942070013, 0.5535308971121314, 5177.205795458289, 563.1410612696434, 2.6402943782455197, 0.06631079902288531, 0.10118502128295905, 633.3980159398087, 0.5536983139446431, 5180.784627438861, 563.5238077842713, 2.468502657229532, 0.06630146667020148, 0.1011791839429451, 634.9040167687143, 0.5539788185134948, 5179.83511878737, 564.0105272351243, 2.283819938644489, 0.06629205068678094, 0.10116367638477655, 636.4440458322263, 0.5542643581755662, 5181.97841378745, 564.4675781326815, 2.084637069704364, 0.06628193492645432, 0.10123299060065574, 638.5880542137206, 0.5544784004794743, 5184.679994831219, 564.9617482954451, 1.870657609111357, 0.06627145977395259, 0.10118736972857062, 640.8798502640228, 0.5552526117941156, 5186.698820562425, 565.492062322374, 1.6381269836671062, 0.06596046213141747, 0.10122343085237259, 643.6662204112904, 0.5567325820967972, 5192.468858791284, 566.0598451717052, 1.3873572405262127, 0.06564885083111133, 0.10129672043717151, 647.7143513513782, 0.5602285502222201, 5194.6837231140435, 566.2684600665369, 1.1303122633971905, 0.064134963400845, 0.10147798079338885, 653.9880673157363], "obs_std": [10843.875635213028, 555.5968846292401, 25.532145203128813, 3.7685368364234253, 0.12344730349824692, 538.3154071042641, 0.7936125054643867, 10850.347583599329, 555.563587906969, 24.53952773447739, 3.7685362982751185, 0.12194561491258701, 538.2305608582419, 0.7915569893209286, 10857.786336287943, 555.5334109575314, 23.376892349357547, 3.7685357867412437, 0.12192166696507765, 538.3127869292642, 0.7887338291275815, 10850.409801153804, 555.5990615615551, 22.067865269029696, 3.768535324050655, 0.12074360134478637, 537.9831652952789, 0.7871773422678328, 10854.29956267266, 555.5502606609299, 20.50297705171682, 3.7685348351575927, 0.12100537431581553, 538.2719393970715, 0.7853109758824094, 10858.736632768583, 555.5092170063157, 18.72124896496882, 3.7685343034948318, 0.11925008306511788, 538.8180911538163, 0.7850167096797046, 10855.371816987803, 555.4120115117812, 16.614071080267163, 3.5931823406233008, 0.11832047604543498, 540.0200881492027, 0.7897484230496061, 10866.981787443648, 555.4347054157938, 13.99842146478672, 3.408822021326728, 0.11791112303826487, 542.5407499592369, 0.7919534703301033, 10868.198100374218, 555.2298648930225, 10.600545924457904, 2.272798835989534, 0.11736220121745908, 545.1762470238391]}