{"obs_size": 14263932, "obs_mean": [5201.401501552971, 564.1397791296257, 2.4709441267667294, 0.0635135743026639, 0.10099904387808394, 634.917235907602, 0.5536060579930021, 5203.692226117989, 564.4170034601959, 2.373970094641506, 0.06350562429035318, 0.10105357538033755, 636.0506369395241, 0.5539138065156378, 5204.509906877758, 564.7469121417572, 2.2535722968954146, 0.06349737146322254, 0.10101746770546964, 637.1812343903481, 0.5539638936164446, 5206.029315772757, 565.1577402360022, 2.1015245305431907, 0.06348871389040187, 0.10098941227734357, 638.6080650236722, 0.5541712388281291, 5210.196391838776, 565.5559575718672, 1.9248559233176379, 0.06347913681824527, 0.1009918639542031, 640.2376553574861, 0.554210764114709, 5207.978948610323, 565.9852908721101, 1.7406005581069792, 0.06346920729453466, 0.10098291909993788, 642.1044706782078, 0.5547819899169614, 5213.390464841133, 566.4699347276754, 1.5377158976921652, 0.06345952626149265, 0.10103432935694061, 644.0235301443299, 0.5548620817177438, 5215.256363873541, 567.0220739274415, 1.3181612195010464, 0.06314839619994991, 0.1009868633179118, 646.506158082168, 0.5557811186284581, 5217.99877097049, 567.5064240351118, 1.0862258036563832, 0.06313747811396907, 0.10105366077222043, 658.7825877420485], "obs_std": [10886.667527309985, 555.5205498136241, 23.576265112055314, 1.6088746866038108, 0.11978488777130164, 537.0680521704936, 0.7855948431117573, 10891.809999403638, 555.5710685237094, 22.947501518616324, 1.6088736441811577, 0.11923759820336421, 537.1001363718453, 0.7865916443624764, 10889.526005366473, 555.5871233273577, 22.11858375598556, 1.6088727022799703, 0.1186405382571315, 536.8735417986056, 0.7882486965807116, 10894.274916617765, 555.4749921612108, 20.95910035605658, 1.608871759594777, 0.11729364777117325, 537.0725889663238, 0.7843458395028774, 10899.960692262373, 555.4327461869117, 19.48187753487589, 1.6088706674731654, 0.11739210076879732, 536.9261435526735, 0.7811481887326536, 10891.728056405105, 555.3409688104837, 17.828344239936754, 1.6088695109192344, 0.11625101053354218, 536.9491771211347, 0.7824138013858307, 10900.633075648497, 555.2522999420974, 15.883142744879354, 1.6088684493420056, 0.11606106800587929, 537.1347630111544, 0.7762137994519573, 10901.642721082333, 555.2902660260622, 13.490805710107953, 1.1380905232444885, 0.11550298490877332, 537.7316004998255, 0.7785753134095381, 10902.481151423526, 555.2194856081376, 10.303977132744357, 1.1380887147019578, 0.11522724329458284, 544.8756236968825]}