{"obs_size": 14289507, "obs_mean": [5150.454847268304, 557.7375137574726, 2.760554160475935, 0.06611289201160696, 0.10061994851256881, 629.7106603614807, 0.5625343273214602, 5153.058081705208, 558.1565452887911, 2.612798258190433, 0.06610364188562294, 0.10060460505243458, 631.0231973675037, 0.562639916128696, 5156.947240309593, 558.5295159588081, 2.439388006878054, 0.06609417481555523, 0.10059116431700578, 632.4785997705387, 0.5627223949014146, 5155.552890590976, 559.0049656016824, 2.2594549972927687, 0.06608452047422629, 0.10060167612367595, 634.0099203133649, 0.5634364852475615, 5158.054247258443, 559.4252512000589, 2.0590769156696584, 0.06607409054112941, 0.10066121785524197, 636.1375058733666, 0.563468261221363, 5159.926704834995, 559.8804123193335, 1.8487458664599135, 0.06606315671052217, 0.1006320293737217, 638.6545044189916, 0.5649793499524135, 5161.161346083471, 560.3118494570875, 1.6195697304322676, 0.06575165721967276, 0.10071716120199159, 641.9078350697022, 0.5682013308786977, 5167.87323730292, 560.6927210294938, 1.3714809755158104, 0.06543910327187012, 0.10090707448885401, 647.2021561352205, 0.5780913227447603, 5167.717119542295, 560.0154881480515, 1.1263112856167814, 0.06392387361244188, 0.10151334554376153, 656.7451717804781], "obs_std": [10848.009428821004, 553.5390980974919, 25.35014223146595, 3.7685409941551, 0.12543852303204148, 535.1957256177955, 0.8288389546933719, 10852.54791891015, 553.5185179950776, 24.359496243342672, 3.7685402828113497, 0.12393059315809968, 534.8644652063232, 0.8287433907924077, 10860.244913242794, 553.4796566009109, 23.19750634971166, 3.768539762217582, 0.12418593403264212, 534.8489955025929, 0.8219346721391295, 10851.8299346036, 553.5224869812625, 21.890209443904197, 3.768539310347531, 0.12346124999334292, 534.6430706631159, 0.8240379771344523, 10857.493486481086, 553.4625507880335, 20.32658208708981, 3.768538879625395, 0.1236541590828189, 535.1451513766975, 0.817522590488622, 10859.087444663306, 553.4335524559442, 18.553543946649754, 3.768538463836928, 0.12133777883313164, 536.1031479796629, 0.8188362253640618, 10854.63551746263, 553.3121555466497, 16.456961063433308, 3.5931865065884114, 0.12118062823958818, 538.1660072355846, 0.8288128864855488, 10868.035435317535, 553.323211672238, 13.85707415995482, 3.4088260810534132, 0.12147823100718172, 542.4173424637169, 0.852027406428493, 10868.7056731836, 552.7321751337262, 10.509850871619154, 2.272804022803279, 0.12445462238580975, 550.006351806819]}