{"obs_size": 14240206, "obs_mean": [5261.9200388172, 567.2679303234798, 2.1384930807882974, 0.06362651489895105, 0.09976397116179356, 627.8192533217589, 0.5362366227005321, 5262.799111002894, 567.5966933343519, 2.057263427228511, 0.06362023311356113, 0.09974866093608589, 628.6397272438351, 0.5363381486896939, 5266.670772479772, 567.9210182071805, 1.9669520230255093, 0.06361369134021883, 0.09977757029427863, 629.6220942249099, 0.5367563219942133, 5265.291220476134, 568.264271176976, 1.8689992265561326, 0.06360653291048823, 0.09981837328722727, 630.7906704552286, 0.5368075138800588, 5268.931554197977, 568.5556079736486, 1.7484637511564087, 0.06359910521513044, 0.09978164693804373, 631.9823640208045, 0.5370479231128998, 5269.327182773839, 568.9358076701978, 1.5930339771770154, 0.06359106940981966, 0.09977217779103906, 633.4395316981538, 0.5370902350710356, 5270.607016413425, 569.3437650410395, 1.413661501806926, 0.06358228120008455, 0.09975336445154, 634.901209160265, 0.5372653057827897, 5272.843952598852, 569.8281536797992, 1.2227125085128685, 0.06357327370531937, 0.0997702888800901, 636.5828347622688, 0.537441064827286, 5275.4033198254965, 570.3983036481354, 1.0144092016646389, 0.06296158136961816, 0.09979451424052478, 647.1857595623248], "obs_std": [10950.891497235438, 555.2529085454775, 21.353965351167986, 1.971835943104278, 0.1169021152167262, 523.3198425566221, 0.7577226005226246, 10951.596103593754, 555.2855330433313, 20.78773543041086, 1.9718353286143773, 0.11620225516937854, 523.1114803062186, 0.7581235364713703, 10958.542743786898, 555.2491515842665, 20.141693940774424, 1.9718347553376578, 0.11534663281354568, 522.9612797948621, 0.7552660494329225, 10953.31971537121, 555.2544044786507, 19.390314288729083, 1.9718341874648442, 0.11560827923289073, 522.9668695610657, 0.7545437471032724, 10959.387262537239, 555.1470388820691, 18.400624552734236, 1.9718335815046322, 0.1146909552205082, 522.9012325031944, 0.7572397785593313, 10955.84760085688, 555.1056011666868, 16.98274545858202, 1.9718329869202127, 0.11373279170425238, 522.7335625545984, 0.7535754298477971, 10959.469356762636, 555.0951803363808, 15.132377605715472, 1.9718323516125815, 0.11253502593465475, 522.44445029509, 0.7519732913388075, 10958.161175733207, 555.0554642066458, 12.870472679019022, 1.971831714748856, 0.1116501734720478, 522.1548765345638, 0.7472726994879193, 10961.447381129492, 555.0800270026547, 9.832013134658078, 1.139035404049085, 0.10963366674755042, 521.5203968522318]}