{"obs_size": 14289507, "obs_mean": [5186.899172874172, 561.2826145786555, 2.7759309680872826, 0.06661489355070895, 0.1015329158984278, 621.1048572441324, 0.5452242656097064, 5190.703780613743, 561.718626331895, 2.6238712784142937, 0.0666058475147611, 0.10152137527613776, 622.5366080590933, 0.5453908689781823, 5194.15471938656, 562.1087199159496, 2.4539229379991907, 0.06659689880554383, 0.10150781451438497, 623.9856033533769, 0.5456123140567393, 5193.124696914916, 562.604787554952, 2.268805214903495, 0.06658743923930402, 0.10151208656246803, 625.3931684759034, 0.5458632036780485, 5195.33940190794, 563.0620719805099, 2.0707633930267852, 0.06627698392170643, 0.10158218564573333, 627.3045593897227, 0.5458469197012791, 5198.458961725922, 563.5824436070468, 1.8565977118734747, 0.06596607807617974, 0.10150954613465714, 629.306185182226, 0.5463505785748872, 5200.823190362172, 564.1313859183525, 1.6246585693964108, 0.06565515030596421, 0.10153916052821081, 631.5861160316684, 0.5472156172357744, 5207.56761482259, 564.740037707389, 1.3764492364922036, 0.06534368565977289, 0.10157534351143162, 634.4681450879061, 0.5488941838931115, 5210.405126625024, 565.1147448963775, 1.119917573083522, 0.06382976423708135, 0.10166116418838017, 639.3500026478196], "obs_std": [10854.138523069461, 554.4151247194803, 25.42170308296104, 3.9360887160198423, 0.12506862547222525, 524.2439365232635, 0.778559040140657, 10861.399603942147, 554.3989442210217, 24.42790355672813, 3.936088236881977, 0.1234125472665413, 524.1064940752094, 0.777320013744843, 10867.853994772839, 554.377038869764, 23.26841888012147, 3.93608779498512, 0.12350292221323773, 524.047227063445, 0.7743239203258366, 10860.346150544181, 554.4413930460746, 21.960713580638643, 3.936087363594197, 0.12241824517809993, 523.5180266351233, 0.7729955952142677, 10864.363178385895, 554.408247242486, 20.40075302179908, 3.7685396186488016, 0.12227990065199006, 523.4287836518369, 0.7704259730679894, 10868.320392033109, 554.3738188972586, 18.616814645992203, 3.5931876301879626, 0.12024866725857275, 523.250589928087, 0.7692117023825664, 10865.568597826998, 554.2802798532457, 16.51693888511497, 3.4088276448715717, 0.11941117187380404, 523.1770658840586, 0.7726995317425371, 10878.189252137929, 554.3232683538063, 13.908863490103608, 3.21390946999248, 0.11872459759010569, 523.0267388365841, 0.7706073314324172, 10879.249327015219, 554.2033348620927, 10.546964916353307, 1.9684410305580449, 0.1177172223963192, 522.5021678165922]}