{"obs_size": 14263932, "obs_mean": [5182.999711761119, 560.0829136734528, 2.451632270821258, 0.06640956881630693, 0.10174974305682313, 631.0447995135787, 0.5654417788868158, 5185.484402739695, 560.3677769215388, 2.3510450694801412, 0.06640112858089364, 0.10182804099963531, 632.0796245196677, 0.5655649447151342, 5186.439067601186, 560.7322574168188, 2.2316906726700605, 0.06639154512599502, 0.10181008765086794, 633.1444001739477, 0.5652930346976185, 5188.035648571784, 561.1366291566728, 2.0852880538129317, 0.0660809442715462, 0.1017805810547185, 634.3686896729839, 0.5656097381143197, 5191.971828844463, 561.5365291281535, 1.9044557279156968, 0.06576992309765105, 0.10183678373677107, 635.8190568515012, 0.5650305253839248, 5190.008877961968, 561.9910288411357, 1.7280098502993424, 0.0651578467651224, 0.10176383665107287, 637.6459407395727, 0.5662140444164026, 5195.224842733286, 562.4400126837397, 1.521716522484824, 0.06424386852826595, 0.10185901664330685, 639.5589219332612, 0.5662760727547393, 5197.124660694037, 562.9849386550636, 1.3074472733044438, 0.06363034856574781, 0.10192178727247073, 642.1993617280258, 0.5682296962016117, 5199.664482778382, 563.3756540622879, 1.0791233441101653, 0.06331780295020512, 0.10210459100541254, 661.382184607251], "obs_std": [10905.224950672064, 555.8080579979597, 23.429741033093944, 3.939615624216681, 0.146655336716264, 534.8696361853002, 0.8694267285052324, 10911.702049865207, 555.8935925019247, 22.807456909228392, 3.9396151840605014, 0.1467343227106868, 534.801978111963, 0.869273264528305, 10910.187559260148, 555.9368649385299, 21.985387843454447, 3.9396147760016853, 0.14694647778331746, 534.5998839778925, 0.868323458258983, 10914.221487462428, 555.852410597656, 20.835456579172032, 3.7719169163834634, 0.14609415788944774, 534.5190292278028, 0.8634760037717149, 10919.321145760276, 555.8187352438774, 19.363389535352084, 3.596407706381526, 0.14748964557374064, 534.0982231529546, 0.856725821417881, 10911.359015673323, 555.7710790937888, 17.72083371236505, 3.216789791508693, 0.14506818482497372, 534.1376866375582, 0.8595046411478974, 10919.736758456147, 555.6873734792877, 15.779605439376011, 2.543249150164227, 0.1456428106851624, 534.4227290208536, 0.8512694378572966, 10921.687872927498, 555.7779873796096, 13.403980396618287, 1.9702036075299254, 0.14635990050569817, 535.360360402283, 0.8538228046257981, 10922.34842503356, 555.6927297672804, 10.227831971169667, 1.6088788497755986, 0.1469982599038732, 552.3501308027231]}