{"obs_size": 14263932, "obs_mean": [5190.666904576864, 561.8030871151097, 2.447100070303196, 0.06337227272782409, 0.09996505865002786, 636.9051082984669, 0.5587708573625055, 5192.890898698682, 562.0918267838068, 2.350491645641609, 0.06336445875507105, 0.10000855181004874, 638.008884783713, 0.5589856083862763, 5194.04102900832, 562.4323828801203, 2.22989796922756, 0.06335585565607987, 0.09998129483637558, 639.1094224096564, 0.5589476208944641, 5195.148032164377, 562.8264311691895, 2.0803164933764404, 0.0633472678505576, 0.09993856306662119, 640.3967235221812, 0.5589829490914869, 5199.445082100482, 563.2288598263087, 1.9042010996687309, 0.06333771182554285, 0.09994236172192929, 641.9606627951262, 0.5588895422384625, 5197.18274867261, 563.6526531394007, 1.7213919696195972, 0.06332781909231888, 0.09992836695372756, 643.8882726265067, 0.5597238267821582, 5202.032740031727, 564.103254207886, 1.5192160198183782, 0.06331787660142639, 0.0999735076839268, 645.8738072321618, 0.5599954816105822, 5204.246538833717, 564.6000302020508, 1.3000523978942131, 0.06300625072898103, 0.0999418184619077, 648.632903870074, 0.5614572547738241, 5205.955272912827, 564.969443979402, 1.0705015279096957, 0.06299536846587145, 0.10001315852543433, 664.1209943569513], "obs_std": [10903.46133229873, 555.553994493507, 23.454567917993298, 1.6088761731411898, 0.11769469038108252, 538.5645007427087, 0.7975084288867209, 10908.69569494751, 555.6232211731359, 22.835039428809253, 1.6088751013001434, 0.11719491599863399, 538.5693187190892, 0.7975919326429424, 10907.299871068151, 555.6354294210834, 22.012400314991186, 1.6088740824982235, 0.11669651661397944, 538.3400443679267, 0.7988818520960359, 10910.61632699159, 555.536595047481, 20.860971642101195, 1.6088730910508935, 0.11503440894949093, 538.2859014180299, 0.7945584601646398, 10916.70306900226, 555.5172628745257, 19.391361715315604, 1.6088719046603863, 0.11512056114961727, 538.0543573872767, 0.7908281897021874, 10908.174302357695, 555.4569892786269, 17.74322400892794, 1.6088707611396065, 0.11440199634323346, 538.3211756116556, 0.7926173361110804, 10915.758454793031, 555.3808721404448, 15.799019603343696, 1.6088696351080614, 0.11395473335673777, 538.7303074406993, 0.7876188610480669, 10918.88421791306, 555.4431050233578, 13.411326738869546, 1.1380918550291095, 0.11356818275471393, 540.0342413467466, 0.7895316525282551, 10917.529126318044, 555.3680403299911, 10.220054032642738, 1.1380899125844455, 0.11339029035302679, 553.1785214932886]}