{"obs_size": 14240282, "obs_mean": [5430.138101735511, 562.3696725949668, 2.2034884561977073, 0.06410894163522361, 0.09923386000607276, 633.1418560886672, 0.5599764428120447, 5509.934816652109, 562.6700483880867, 2.1165125100752924, 0.06380034858959434, 0.09925234152259162, 634.0770978991858, 0.559461174926199, 5509.018969462214, 563.0476970891449, 2.029665493983897, 0.06379386357349706, 0.09928912947594794, 635.0670858039265, 0.5602557245004364, 5470.094788405342, 563.3688417125448, 1.933453354364752, 0.06378646318662268, 0.09924334376587576, 636.2838955801063, 0.5604135501670808, 5444.642139753809, 563.7531849439498, 1.8105982732645323, 0.06377890090541222, 0.09929228673526327, 637.4511002988496, 0.5606652631598424, 5399.806234281488, 564.0887346191598, 1.6649182930506572, 0.06377052272181999, 0.09931403354554433, 638.9197599024541, 0.5611133763362607, 5441.1216452978015, 564.4532790151208, 1.4794989312711644, 0.0637613551160802, 0.09933756152202615, 640.3517265437537, 0.5607049858282628, 5454.880880161129, 564.9066795868227, 1.2958596606443609, 0.0634500727870505, 0.09931123124113606, 641.9102272216229, 0.5610095689818788, 5533.6660147819375, 565.3852031862853, 1.0875653305180333, 0.06283785167162552, 0.09931285431728169, 663.8853591721902], "obs_std": [12942.081818465074, 557.6236548914692, 21.401641300778973, 2.545354627367524, 0.11916272449012015, 527.2482665169662, 0.8220355547125713, 13730.23955903816, 557.7038671314319, 20.839012487426047, 2.276723743856196, 0.11844514407043229, 527.1761771604067, 0.8150760786844259, 13605.160570645, 557.7868731038965, 20.1952125025086, 2.2767234027055174, 0.11865218978373965, 527.0298578010188, 0.8146756593987747, 13238.689482181837, 557.7997889032929, 19.448909098285434, 2.276722774562475, 0.11721224987243527, 527.1133757282421, 0.8131608833028786, 12895.189975840978, 557.7925611928316, 18.458774335073063, 2.2767223981748868, 0.11808169972019718, 527.0005413698613, 0.8128107160205078, 12418.43828625675, 557.6773625052128, 17.057771170145454, 2.2767216184897543, 0.11733803485108517, 526.8781293154899, 0.810224792645372, 12850.725143252906, 557.6018288397785, 15.211427337270836, 2.2767210014276555, 0.11649287974648287, 526.5905015095074, 0.8027749066406691, 12986.676819289945, 557.5154840847025, 12.934792978405312, 1.9718268981635036, 0.1147795963045657, 526.3061787498083, 0.7991261379578051, 13794.719518991235, 557.4099140474376, 9.952562095633555, 1.1390330141681373, 0.1128586612296715, 538.0146961328463]}