{"obs_size": 14289507, "obs_mean": [5152.137616504362, 558.631131710842, 2.7645559080519715, 0.06739353424384062, 0.10114560835233839, 629.2674853495421, 0.564122128916019, 5154.478152560091, 559.0448397554932, 2.616799865803628, 0.06738378319028787, 0.10113608117263893, 630.5941247971201, 0.5643868621220093, 5158.187546205007, 559.411095638219, 2.4417765427456666, 0.066772824904673, 0.1011202525455922, 632.035835802451, 0.5643728163610241, 5156.6628250237945, 559.8764142807726, 2.2627514721116686, 0.06676267398777992, 0.1011159789095592, 633.5204578198496, 0.5651081462782758, 5158.541507246161, 560.2984053963513, 2.063119322451082, 0.0664511673906665, 0.10117936865428646, 635.6117375296443, 0.5651011014586089, 5161.281065679499, 560.7454770832892, 1.8520396120034093, 0.06643980197491074, 0.10119574026605647, 638.1081114048731, 0.5668484250016802, 5162.442218434582, 561.1667509592877, 1.624157782350364, 0.06612795960680183, 0.10132852485295557, 641.3127847363363, 0.5704518598857542, 5168.6896551752325, 561.5260438306233, 1.3757130319471484, 0.06581508818485542, 0.10157521696927657, 646.8182241256219, 0.582902562838622, 5168.455701304281, 560.2960645178312, 1.1336722113646047, 0.06399880202599739, 0.10247378910944914, 657.3200002004284], "obs_std": [10851.949809997568, 554.9266768078868, 25.369921399168366, 4.400620745952365, 0.13124940044574582, 535.4753089189759, 0.8536387253658286, 10857.871132872428, 554.9021238152988, 24.37510254503577, 4.400620086181488, 0.12938576048977732, 535.183232917617, 0.854013130318409, 10863.96123532626, 554.8628810960362, 23.211625456637552, 4.096788352139765, 0.12977765265423233, 535.205107731316, 0.8458827188646927, 10855.901452899021, 554.90244486269, 21.903521959916844, 4.096787865790117, 0.12845459651253027, 534.9486176316618, 0.847674187972703, 10859.437033455977, 554.8429862572509, 20.344150509841274, 3.9360864805012943, 0.1286107619145073, 535.3932397933104, 0.8391183201572969, 10863.319440434076, 554.8114948094809, 18.572855728406605, 3.936086041800695, 0.12738170755117062, 536.2372836865374, 0.8383488408213656, 10861.302023669768, 554.6794732311214, 16.481663762192582, 3.768538406395898, 0.12778710387584466, 538.1622501919652, 0.8461712702799873, 10872.740461684212, 554.6665062068012, 13.875195336572927, 3.59318645367078, 0.12953576047808701, 542.5311776655483, 0.8810257075963462, 10878.898597055704, 553.7529436587811, 10.541907463599129, 2.2728049268932042, 0.13469305621970953, 551.5982865877604]}