{"obs_size": 14289507, "obs_mean": [5159.313255892667, 561.1739874580697, 2.75223392941408, 0.06616832976078912, 0.10019982580280724, 638.0425667371195, 0.558075852931838, 5162.530180054208, 561.587356792645, 2.6023469529074728, 0.06615947558464437, 0.10019018712562931, 639.4269151961179, 0.5582615433129042, 5166.170518941019, 561.9469398069507, 2.430950906843742, 0.06615034172005395, 0.10017202204848678, 640.9516019432058, 0.5584181498354459, 5164.8057465593865, 562.4032265073946, 2.2483112258526483, 0.06614073902053466, 0.1001595592929829, 642.5949265351097, 0.5589488655557214, 5166.796839523387, 562.8263915613044, 2.049804797324358, 0.06613051798197832, 0.10021353742169001, 644.8936192269853, 0.5594802426004329, 5168.854047299877, 563.2409679354229, 1.8371818565888942, 0.06611983752512288, 0.10018667760714209, 647.6228662251767, 0.5609163481287799, 5170.319937530235, 563.6260001132299, 1.607728174247019, 0.06580890443254038, 0.10022808778770252, 651.1978872979081, 0.5636456116366141, 5175.7999019624285, 563.9801224772833, 1.3600113705812245, 0.06549726270347275, 0.10031217326084114, 656.5712412509411, 0.5700155893412275, 5177.1708279216955, 563.8229619118421, 1.108985565422236, 0.06398322953318865, 0.10056817930863564, 664.7505130621184], "obs_std": [10852.352449525317, 553.9774225887934, 25.35495489637146, 3.7685357693641475, 0.12152178839457298, 543.4662406623085, 0.8019390125060256, 10858.39622050245, 553.9462461618108, 24.361702130219623, 3.7685352659968796, 0.1198957781115135, 543.222085890529, 0.8012981865848349, 10865.863658857877, 553.9118185794835, 23.19652314682481, 3.7685347812600947, 0.11978608663662596, 543.3896929138126, 0.7968650603371416, 10857.402119504224, 553.9747829521731, 21.886310371483237, 3.768534304535043, 0.11866777236369914, 543.3823571470051, 0.796734447342086, 10861.311842022733, 553.923290746257, 20.32230125191494, 3.7685337700873536, 0.1189265256831856, 544.1345215968341, 0.7950451876076373, 10865.346786361573, 553.8961366159991, 18.543420068851834, 3.7685331876749726, 0.11723534136820685, 545.5976368582546, 0.7957896427101048, 10862.28433235133, 553.7694549254421, 16.44460853892907, 3.5931811696454585, 0.11628400043549035, 548.4349503256551, 0.8030154453717736, 10874.158767142379, 553.7734447479093, 13.840924128109455, 3.4088207679349387, 0.11591701198198645, 553.7076700643704, 0.8133021240815982, 10875.278189612744, 553.5038970623027, 10.480098687086242, 2.272796799805958, 0.11600963532992481, 560.3043245311903]}