{"obs_size": 14276494, "obs_mean": [5169.56219762315, 559.2980771749701, 2.602828607639943, 0.06699235461024919, 0.10119713368884584, 629.0643210655255, 0.5629715327867181, 5171.777446883684, 559.69421077752, 2.484785130018617, 0.06668316517046097, 0.10116421422185297, 630.2554064520735, 0.5630007920712423, 5172.029151042852, 560.1155132345519, 2.340756210873622, 0.06667357140220109, 0.10117665032325159, 631.4115058034533, 0.5632665877911281, 5175.895414095497, 560.521537220553, 2.162543268676469, 0.06666412465736302, 0.10122124157296634, 632.9721541352724, 0.5629680091625046, 5173.923413905313, 560.9544399346225, 1.9847933253080203, 0.06635343555309149, 0.10116579619968416, 634.6133173485503, 0.5639276409880719, 5179.264529311735, 561.5005268800588, 1.7823050253094352, 0.06574079510621425, 0.10122354982021547, 636.6028610809224, 0.5641737612890445, 5180.24676993072, 562.0160035790299, 1.5705512852105006, 0.06452654513146586, 0.10124568917109458, 639.1209158337181, 0.5658568481169376, 5183.690513182816, 562.366611928671, 1.345966103442484, 0.06421428052238148, 0.10137557713588548, 642.3525224182277, 0.5697811440260102, 5186.172622746541, 562.6401871495901, 1.0946955183814737, 0.06420145592419943, 0.10168843816373997, 658.7716321299852], "obs_std": [10875.710879140348, 555.1419578737659, 24.382980892845527, 4.253356362707099, 0.13616449215482068, 533.6396309910598, 0.8504807426746875, 10877.445688044818, 555.1172034809757, 23.638832416678625, 4.098655074902705, 0.13529606658676738, 533.4453018004155, 0.8505794836548586, 10875.848245791942, 555.2096655113778, 22.58210834665031, 4.098654456944183, 0.1352403563147479, 532.9908297634108, 0.8530722302617414, 10880.547944931646, 555.258887328235, 21.312929860312305, 4.0986539094654475, 0.13642168892512632, 532.9106148782868, 0.8430808141808948, 10876.12278236063, 555.2193891123286, 19.83060210624195, 3.9378794439952545, 0.13415796975282432, 532.8318909508688, 0.8505217632939435, 10884.13044897432, 555.2837038766728, 18.082788331855692, 3.594823664236375, 0.13349209443116644, 533.1768599915881, 0.8428864769501212, 10883.092141475106, 555.3089927494619, 16.043295995352697, 2.7846880193999977, 0.13149133196550708, 534.0347858428554, 0.8407628001374127, 10891.956521676182, 555.1854503663559, 13.62223715775286, 2.5421282981578046, 0.13310681557109053, 536.0897774156309, 0.8515670043778549, 10889.330480231225, 555.0219391221732, 10.2879262993308, 2.5421272304926763, 0.13565350133777154, 550.8553518386165]}