{"obs_size": 14276570, "obs_mean": [5198.951318694414, 559.9935371030996, 2.672621014711517, 0.06511994862898539, 0.1001735791232071, 628.2092674342693, 0.5612682636656025, 5195.308800747862, 560.3953588992314, 2.5553090833442487, 0.06511226015038024, 0.10018497072357047, 629.4475592634142, 0.561350525161183, 5202.373320399348, 560.7594282099973, 2.412259667413111, 0.0651038714050444, 0.10017196569813416, 630.7713123495806, 0.5617733393245415, 5199.260432291271, 561.1739852779765, 2.2318984181774755, 0.0650950046954636, 0.1001939217192227, 632.4510310315424, 0.5614523148767782, 5203.274920170652, 561.6152006399295, 2.0554101580421626, 0.06508591363780764, 0.10017219007850002, 633.9934548797099, 0.5620210159023074, 5206.758825943567, 562.1738576562857, 1.850532796042747, 0.06507650568603773, 0.10017067305459328, 635.9955217120538, 0.5621410853587702, 5206.066195151634, 562.7470693590967, 1.636990607687981, 0.06476611288265444, 0.10015298777150301, 638.4122996010442, 0.5635318742527442, 5215.655270030832, 563.2549662138734, 1.4140752995992736, 0.06385325015988497, 0.10017470660606963, 641.5789617029893, 0.5667549322421622, 5209.650770346287, 563.6660346988107, 1.160910078541274, 0.06384203955488679, 0.1003551125642226, 658.3149305817836], "obs_std": [10925.857133287942, 558.0157497817745, 24.678801642637886, 3.007738736433301, 0.12215485870775919, 528.0799907835549, 0.8286050397474322, 10916.961924729434, 558.0076167023909, 23.934457824634876, 3.0077382952693412, 0.12178267999966454, 527.9215586505317, 0.828593417169646, 10928.745477475057, 558.0135709354271, 22.87874665297143, 3.0077379010676877, 0.12126205726941874, 527.6979306771835, 0.8284154312836022, 10917.025016967646, 558.0552184926714, 21.611997131284255, 3.007737464003255, 0.12111134779759221, 527.7009118125815, 0.8163089685470828, 10927.308553335552, 557.9905205585251, 20.12375124970481, 3.0077370491054856, 0.11965836267101064, 527.438486967185, 0.8195072376836794, 10929.572429266336, 558.0419450215905, 18.36235217196272, 3.00773663570885, 0.1178431256989651, 527.4669176420903, 0.8147688697089046, 10924.99742133696, 558.044426467651, 16.302255547617246, 2.784675818934007, 0.11590857876003978, 527.612552739057, 0.8108258826216209, 10945.820205612157, 557.9769566322278, 13.835133394870622, 1.9693238172869554, 0.11488706316508501, 528.6376534250148, 0.822643545182419, 10922.869559329984, 557.8569202954463, 10.456565632340984, 1.9693228676907175, 0.11560588894460634, 536.9906383157562]}