{"obs_size": 14240206, "obs_mean": [5217.0634878151595, 561.5115904924409, 2.1436831040225117, 0.06576007439204984, 0.10118300857164564, 635.4888720852337, 0.5644626520150419, 5218.499150389456, 561.8334417353232, 2.0557818475378804, 0.0657521496034618, 0.1011699787857713, 636.3696036320915, 0.5642430459222618, 5221.9975507405225, 562.1901183873324, 1.970682025245983, 0.0654421051539643, 0.10120230214864907, 637.3704892167615, 0.5649152762958952, 5221.364734080649, 562.5384176324416, 1.8712758790146715, 0.06513217795747568, 0.10126202816427012, 638.4881274223083, 0.5646224454197092, 5224.683912017526, 562.8805151414241, 1.75030445486533, 0.06482152184639134, 0.10122316525055941, 639.6653687498552, 0.5646933436216045, 5224.498159152741, 563.2483656486429, 1.6023784346939924, 0.06451043869450425, 0.10123056407287975, 640.9754925997026, 0.5648004251483842, 5226.547571139061, 563.6579818438021, 1.4199452592188624, 0.06450037922141802, 0.1012331273423993, 642.3730021164445, 0.564672908102635, 5227.338731650504, 564.1383023532103, 1.2382514691149833, 0.0641884497012974, 0.10120925330314709, 644.0902671510968, 0.5655194511231415, 5230.711705538694, 564.6364286443609, 1.0312224415854658, 0.06297239295380336, 0.10128855730998576, 664.98524258764], "obs_std": [10965.610687606148, 556.3412767006369, 21.202185321288773, 3.599401684788019, 0.13732277530684048, 534.2750551130681, 0.847375226605893, 10966.862163358905, 556.3728443732115, 20.630512732220243, 3.599400926459761, 0.1364063355043116, 534.1907172904297, 0.8482158227587298, 10973.492955964817, 556.3790102958505, 19.98626393307609, 3.414721374836464, 0.13621764843274042, 534.1297011371948, 0.845416650293361, 10969.923464984628, 556.4031320066367, 19.23209483077984, 3.2194659798965795, 0.13656985477408956, 534.1262507407218, 0.8411524686655172, 10974.784576311375, 556.3559409372451, 18.24007451984379, 3.011577340462076, 0.13567407728837594, 534.0360354545383, 0.8428127964313261, 10970.606681289712, 556.3385945485448, 16.831121968271503, 2.7882314692878785, 0.13496500224412322, 533.7083198800021, 0.8381229806354148, 10975.660217228862, 556.3564366700704, 14.993217894003802, 2.7882305245164027, 0.13462232987109524, 533.4628087799396, 0.8340666310576104, 10971.822237857552, 556.356784222414, 12.751190019946936, 2.545361686392306, 0.13361498035867736, 533.4148045231993, 0.8314238605434577, 10977.424607189083, 556.3870091043599, 9.765265059020654, 1.139046490457896, 0.13272742454884504, 550.8504058476727]}