{"obs_size": 14251917, "obs_mean": [5248.864755992364, 563.7399358977461, 2.380965592207701, 0.06385126065097928, 0.09987874214633728, 637.4561458060238, 0.5635635811660165, 5246.377647740527, 564.1242806143201, 2.2978451951411163, 0.06384442934674134, 0.09984476754306126, 638.5527185906715, 0.5641391201619189, 5258.423640652066, 564.4370677993705, 2.1965007233763707, 0.0638371423033211, 0.0998808923939148, 639.7184460750093, 0.5646041919834882, 5244.633085604346, 564.8020824847633, 2.0693762109335885, 0.06382902078387913, 0.09989571115380572, 640.8842039199333, 0.5646139283578996, 5258.712220165597, 565.2076927616125, 1.9187780843798063, 0.0638206664035526, 0.09988839866272016, 642.1030916827531, 0.5652588277072287, 5251.302329381442, 565.5650450392042, 1.7306799499323495, 0.06381193418247667, 0.09990941729614371, 643.5269576480149, 0.5646045835799272, 5258.955518848435, 566.0454976688401, 1.5477121428647107, 0.0635012705010924, 0.09986370641051248, 645.0468940422941, 0.5652151116934422, 5265.278313733629, 566.5815541867105, 1.3359153719461039, 0.06319088938331095, 0.09989400932365834, 647.0519694027561, 0.5650597212992924, 5256.887098019107, 567.1564497604076, 1.1128545023101102, 0.06318090334445023, 0.09987112925678641, 670.5986579134072], "obs_std": [11026.67081863965, 563.7475850138316, 22.83591407505707, 1.9710282366760998, 0.12023443315286743, 536.6448494476907, 0.8224760236244961, 11026.169463651078, 563.95258050992, 22.26554044219386, 1.9710277566160217, 0.11918781595385017, 536.8920632752764, 0.8211555079138912, 11049.775780367381, 563.9205377713276, 21.552437833976885, 1.9710271194701565, 0.11859958654682781, 536.6220354838085, 0.8205176497065712, 11011.083766676362, 564.1059992810033, 20.629446977812115, 1.971026570212488, 0.11794909553720216, 536.3419445394691, 0.8207547281790398, 11049.267336757708, 564.0626143173307, 19.261867650287797, 1.9710258876871507, 0.11744126496020173, 535.955958035155, 0.8215032342244528, 11022.206666784043, 564.0042486871365, 17.60809857148645, 1.9710252588686472, 0.11631273924658816, 535.7092813400424, 0.8129807321437859, 11042.134442701345, 563.9731415361564, 15.664176459214048, 1.6095471830104824, 0.11348185118535338, 535.3697800609334, 0.8108349113360969, 11049.383809417044, 564.0109008900702, 13.253882771449254, 1.138571967632447, 0.11320316143060415, 535.3262756357099, 0.8058448041943957, 11023.35521773317, 564.1385058680455, 10.040318844682773, 1.1385708105548242, 0.11247083874426168, 550.6594041850304]}