{"obs_size": 14251841, "obs_mean": [5198.469860954827, 560.8129776356611, 2.2978873396075636, 0.06341879024563372, 0.0999063977422288, 636.6043424687837, 0.5606076516711352, 5198.310627384288, 561.1241528726008, 2.2137602433257566, 0.06341081648477005, 0.09990239202233661, 637.5677884066545, 0.5607870724912238, 5204.11357762025, 561.4358897211947, 2.1115149263874047, 0.06340274957432665, 0.09992194838386226, 638.5912182630996, 0.5606966791869507, 5200.960571126044, 561.8049739679245, 1.9882370284653046, 0.06339396906800467, 0.09989478918695541, 639.8067460832088, 0.5609700943197674, 5205.878448605699, 562.2442748273716, 1.8374859079609431, 0.06338529006920018, 0.0998900968269995, 641.1260373665847, 0.5611734225775004, 5205.726237481807, 562.6196482264993, 1.6551592176758076, 0.06337584533711259, 0.09988003795060561, 642.718029051358, 0.5611602068112042, 5207.734694325951, 563.1126064344952, 1.4720028801893033, 0.06336587660373967, 0.0998447725437711, 644.4545019333212, 0.5618889364539231, 5213.410764105796, 563.6510215767913, 1.2644781119856725, 0.06305470380662609, 0.09989816085444755, 646.4626739576024, 0.5621527978736426, 5212.382650857419, 564.1140942422807, 1.0443509719200488, 0.06304410326259798, 0.09988526636537626, 663.5559506091407], "obs_std": [10934.546007490675, 555.2676868175245, 22.48249693707045, 1.6095632168772074, 0.11952670565730178, 536.4868918463275, 0.7992620222660877, 10932.035032254547, 555.3573937038195, 21.904531178907167, 1.6095620047305463, 0.11891475530153392, 536.5410023393952, 0.7959133151268595, 10943.659010079222, 555.2276380012623, 21.19130155701425, 1.6095609789873326, 0.11806664543169794, 536.2177364235444, 0.7944061360814733, 10929.021439937107, 555.3862274086696, 20.279452809945468, 1.6095598936450162, 0.11672440699989867, 536.0275226393637, 0.7952658807033486, 10942.478416086193, 555.3581584347176, 18.94124840514495, 1.6095588694720664, 0.1163580322157299, 535.8640981014638, 0.7960082160620741, 10939.166889789514, 555.2714935661788, 17.305864434435733, 1.6095577059035675, 0.11513359635313446, 535.8073784059446, 0.7940515203462962, 10941.494431258598, 555.3213940013761, 15.409842189385916, 1.6095566738141613, 0.11273261055457748, 535.7632684199008, 0.7911437896432018, 10953.830746805665, 555.3245933563562, 13.036628974196763, 1.1385816923173568, 0.11226261351692432, 536.0386284446085, 0.7889146604087748, 10942.463398552029, 555.3219157070706, 9.863371132225586, 1.1385798689938922, 0.11211363035401148, 549.1872752055764]}