{"obs_size": 14251841, "obs_mean": [5204.723819068174, 559.7430996458633, 2.30327927458635, 0.06574283965047889, 0.10220902749469336, 629.5982274639471, 0.5662555017980029, 5205.319207126561, 560.0875717740606, 2.2240316882569764, 0.0657337786989849, 0.10220045133298955, 630.5493546103004, 0.5667948740798, 5210.564315803481, 560.4012436709055, 2.119371244739539, 0.06572512091231718, 0.10224278872982177, 631.57056361322, 0.5665925774080908, 5207.411506212075, 560.8001614668589, 1.9954831800326707, 0.06571509602233976, 0.10222328678105662, 632.7681416461171, 0.5667021384114727, 5213.478069222388, 561.2291328537838, 1.8485811762845232, 0.0654040279233482, 0.10223606167448812, 634.0098022847695, 0.5672421269645356, 5212.865930045553, 561.6188902191653, 1.6614588248633984, 0.06509253366215068, 0.10228014804494372, 635.5098397581992, 0.5665889107940747, 5215.603173448666, 562.1231089372947, 1.4842662783004665, 0.06447914970593012, 0.10219982424158365, 637.2115884363203, 0.568006253928898, 5222.140853254046, 562.6692228042679, 1.2722538091745481, 0.06326273636908551, 0.1022901275908854, 639.1581005355922, 0.5678179451342623, 5219.859576872104, 563.1600883703375, 1.0548711566456572, 0.06294898733490797, 0.10236786982179989, 659.7895742241736], "obs_std": [10974.275180176672, 556.0351332539885, 22.493336668386927, 3.597935748196767, 0.1546114050747927, 532.2356866240382, 0.8938720416212745, 10974.888978025972, 556.1620447103313, 21.91932094704408, 3.597934886114706, 0.15438505675788783, 532.3236555531686, 0.8898304989575344, 10981.28313260539, 556.0463601369308, 21.203612686952575, 3.5979343751582675, 0.15434110409617924, 531.9681509468414, 0.8864816696959943, 10969.913430157598, 556.221494544548, 20.289807684499877, 3.5979337003340333, 0.15276419866769989, 531.9147968589037, 0.8863236992871998, 10990.799207949223, 556.225019455705, 18.955746037936233, 3.413329968289841, 0.15274020674176875, 531.7179179426365, 0.8877144647003886, 10983.497503157401, 556.1358841256034, 17.32016019108616, 3.2181539515381092, 0.15384095781202728, 531.5888478111951, 0.8785168041798417, 10987.071151048007, 556.1909300312952, 15.431158163075843, 2.7870966041464555, 0.15027245796889693, 531.49788222178, 0.8779898605414963, 11007.877022590746, 556.1974238630798, 13.05479153527663, 1.6095631547388431, 0.15104287933399593, 531.6327386129069, 0.8646916369683552, 10987.47930599176, 556.2065008562034, 9.883504490022029, 1.138587189302511, 0.15169879985752202, 548.0609839653332]}