{"obs_size": 14276494, "obs_mean": [5165.931877334946, 560.9486423627536, 2.597219107156141, 0.06462395885622248, 0.10026642657237854, 635.3333522955079, 0.5582124165779414, 5167.888483829405, 561.3120458006006, 2.479209041099306, 0.06461598018022538, 0.100235478740649, 636.5828722805882, 0.5585427947506187, 5168.960738590043, 561.7383662263298, 2.3332571708432055, 0.06460674525679114, 0.10023247379699844, 637.7990590006183, 0.5585777297283563, 5171.518122811101, 562.1295882588541, 2.1581173220820182, 0.06459752869402718, 0.10023460870939312, 639.4644101499969, 0.5584746209398819, 5170.208607499253, 562.5309409298949, 1.9762012998429446, 0.06458794799480232, 0.1002072505690825, 641.2055885338051, 0.5592259743884226, 5175.166990235733, 563.0785357385363, 1.7759599800903498, 0.0645777673750367, 0.10024419614402587, 643.3147601367177, 0.5599091617312033, 5175.8625163768265, 563.5499056701176, 1.5618969895549986, 0.06426686971760079, 0.10022769477415107, 645.9309372906204, 0.5612197507315485, 5179.872145748254, 563.8768462340963, 1.335348930906986, 0.06395579627498905, 0.10026834858215258, 649.3383473709554, 0.5638716196007627, 5181.145051696023, 564.1533129912708, 1.085200750268238, 0.06394411009727635, 0.10036297345945028, 662.6260915229335], "obs_std": [10871.317449596678, 554.8236797415184, 24.404243805868813, 2.7846846965941316, 0.12226675024258218, 539.103773335463, 0.7972572815527749, 10873.269123331815, 554.7603974405531, 23.656938547556493, 2.7846841475412685, 0.12092011724960902, 538.9536082680186, 0.798511924329092, 10872.647053007882, 554.8315482734355, 22.600802384995752, 2.7846834554408866, 0.12064352267652581, 538.508779429715, 0.7999384835979352, 10875.397748812422, 554.8706854451369, 21.33647229882913, 2.784682857569089, 0.12027297306347277, 538.593632862264, 0.7920878161989721, 10871.89027028983, 554.8170636525036, 19.851906494912846, 2.784682250800046, 0.11934078745389325, 538.6638002520907, 0.7956370445840321, 10879.576352134434, 554.897047827029, 18.09673904238253, 2.784681564536274, 0.1179121632637782, 539.2316465071475, 0.7953177203117555, 10878.711576910137, 554.882075699549, 16.048699404657043, 2.5421216746762965, 0.11574026628463496, 540.3730127090747, 0.7942047218952819, 10888.456031648842, 554.7557011097721, 13.627489642291712, 2.273832360596125, 0.1156171752200237, 542.9677108459634, 0.8010980821533247, 10884.814303570043, 554.5841810237785, 10.279904930913148, 2.273831315451787, 0.115240939874813, 554.0451710435101]}