{"obs_size": 14289507, "obs_mean": [5161.899186127812, 557.9188580823677, 2.7721189401425814, 0.07182152883259771, 0.10265127565618606, 624.6450237270867, 0.5671363307355702, 5165.859080466475, 558.3411909872046, 2.6261451147334895, 0.07181177258901282, 0.10262823252215737, 625.9490662089315, 0.5677375872379844, 5168.87047622557, 558.7202889504865, 2.4486799299653934, 0.07120058294293186, 0.1026842572877433, 627.3431094694408, 0.567334744858622, 5168.897109398941, 559.2060223631228, 2.2735949532758544, 0.07088976911737456, 0.10264767775977102, 628.7841394732477, 0.5683422817876319, 5171.093041113404, 559.6210241542973, 2.069040240506548, 0.06997675733152386, 0.10273932349779456, 630.8250806196023, 0.5681098286316218, 5172.67654430354, 560.1069710102665, 1.8600565435882428, 0.06936406518826105, 0.10279579205636666, 633.2444677712624, 0.5700130954133276, 5175.490912087399, 560.5528630203967, 1.6319043757072935, 0.06875131072710369, 0.10299456156527889, 636.3063635598253, 0.57395373703238, 5180.029689627648, 560.9420779177335, 1.3818445240972974, 0.06783754242152099, 0.10337248785154095, 641.6801388805545, 0.5881070952273112, 5182.427578302279, 559.0037711587951, 1.147077922282413, 0.06542030143727917, 0.10454274796996191, 652.9839968413671], "obs_std": [10890.803719901896, 555.1217095959641, 25.400567213678634, 6.2232456796025035, 0.15944928580159537, 532.1356401842038, 0.9303698474100128, 10898.306410851748, 555.1024869829645, 24.408873545218917, 6.223245241853034, 0.15862903573539558, 531.8888960168875, 0.9299619983797848, 10903.243071739642, 555.0620532182439, 23.244741615612345, 6.012237775131165, 0.15952203501272433, 531.8630660064456, 0.9230703839018376, 10901.74050966934, 555.1290587765599, 21.938409347696645, 5.903906572870307, 0.1580054608768972, 531.4863761226136, 0.9176955740888143, 10911.201527884768, 555.0415902363067, 20.373210300429683, 5.566277566102705, 0.158856127850097, 531.8575350968728, 0.9062580878399377, 10907.77107666483, 555.0285564983045, 18.59569983527126, 5.329321346194397, 0.15815433581191565, 532.581592138207, 0.9013215995520157, 10910.375851153412, 554.9225914166219, 16.499354364723082, 5.081327228218456, 0.15928933587500008, 534.1145646385893, 0.9074987613209846, 10916.4136763357, 554.946285710264, 13.896572011964853, 4.684785904488668, 0.1634047149711052, 537.9113996452127, 0.9449277909418365, 10947.555013067153, 553.4381163335619, 10.5728162312593, 3.4088272327416784, 0.17056691404376387, 547.6186907132167]}