{"obs_size": 14263932, "obs_mean": [5203.624315085175, 563.5096454469918, 2.441668328200107, 0.06341657506647769, 0.09996734913458658, 641.036504668325, 0.5575856592698666, 5205.644359361237, 563.7960718685423, 2.3446949270369495, 0.06340883881717425, 0.10000109919487915, 642.1405326310731, 0.5578642016100874, 5206.908245893401, 564.1495699783201, 2.2249436550875314, 0.06340056584209283, 0.09997943946956628, 643.2433671512623, 0.5578471577122358, 5207.910117480874, 564.5400034156079, 2.0747549834085017, 0.06339197198585467, 0.09994068767069247, 644.5566258097618, 0.5579019226255814, 5212.219190414794, 564.9338037365854, 1.8990795805812872, 0.06338247109500628, 0.0999343256358067, 646.1670323532544, 0.5579427636783866, 5209.990710184667, 565.3471286879382, 1.7155290701049333, 0.06337258345112234, 0.09993159433345669, 648.1275098671192, 0.558746535247126, 5214.525535111844, 565.7996361031447, 1.514209546147584, 0.06336274978660396, 0.09998410230741467, 650.2243553247923, 0.5590494969410048, 5216.477341053564, 566.2914324044729, 1.294852218869243, 0.06305130992472006, 0.09994220205045852, 653.118852699894, 0.5605747671820442, 5218.239086829495, 566.6601379619588, 1.0642939127864603, 0.0630404391392311, 0.1000054192005413, 669.3633790498048], "obs_std": [10923.131143956563, 555.1644675546837, 23.454773178203098, 1.608874924989337, 0.11805057189338863, 542.8413154753242, 0.7934194827980618, 10927.996913308114, 555.2285394659912, 22.83441002924153, 1.6088739208567029, 0.11730031760972855, 542.819796033775, 0.7939978003883935, 10927.34453358696, 555.2615648638314, 22.010335530449318, 1.608872997062629, 0.11670890428707727, 542.557244833924, 0.7956891312881379, 10930.243537785354, 555.1483789793501, 20.863063005941385, 1.6088720893645672, 0.11523549313686517, 542.514988650559, 0.7915306383555157, 10936.004968569127, 555.1136405616589, 19.392680317996597, 1.6088710230911316, 0.11504147781829807, 542.3421434422676, 0.7888372111122608, 10927.809059687843, 555.0380921485671, 17.74488784695418, 1.6088699875861443, 0.11437712353697617, 542.6875031515325, 0.7905715584329662, 10934.575954417853, 554.969759462062, 15.80334533875268, 1.608868986323886, 0.11420936317254196, 543.2988951540686, 0.7852947951577441, 10937.226484390261, 555.0340181756869, 13.412778053761274, 1.1380911262901476, 0.11353369255719667, 544.851406672146, 0.7873661168683852, 10936.67627736529, 554.9718265095973, 10.213263614578587, 1.1380893185984295, 0.11317859593185843, 559.5370678180346]}