{"obs_size": 14263932, "obs_mean": [5183.220384933753, 560.3248876957631, 2.4474409300324766, 0.06343340260505577, 0.0999227242778504, 634.476460763506, 0.560647925621095, 5185.063189571448, 560.6187981686957, 2.350183035084576, 0.06342564294565754, 0.09996941604944626, 635.5414369261839, 0.5608461849089279, 5186.432924538952, 560.963432663588, 2.229508805846803, 0.06341723588910407, 0.09993312479798773, 636.6343976322914, 0.5607674768079646, 5187.672374466109, 561.3592987543686, 2.0807972864705184, 0.0634086003205947, 0.09989342615444273, 637.9583533981983, 0.5608200647619708, 5191.630620173664, 561.7533160561899, 1.9039682045595843, 0.06339900308779799, 0.09988988739794917, 639.5272069391491, 0.5608269212865317, 5189.617690466773, 562.1767839330697, 1.7211087377589853, 0.06338912307091339, 0.09988669814634675, 641.3862691304641, 0.5616082485530958, 5194.7263412315015, 562.6399769011799, 1.5185155818185336, 0.0633793271925398, 0.09993569519414475, 643.3318224621391, 0.5617770435950307, 5196.848145581421, 563.1395459540888, 1.3000403395080684, 0.06306792942227553, 0.09990286043091046, 646.0173462766058, 0.5631505992176937, 5198.745987727649, 563.534830227738, 1.07041291279291, 0.06305705552368984, 0.09996995887781979, 661.3849684195518], "obs_std": [10901.434152986538, 555.2664133496536, 23.459343876325832, 1.6088802974372653, 0.11753745173790654, 536.1592789428095, 0.8014795927355493, 10905.938375611053, 555.3417371139116, 22.83975842794579, 1.6088792959383402, 0.1171105833699951, 536.1094138232603, 0.8015353208226274, 10904.74489371039, 555.3612218046734, 22.016208017090758, 1.6088782513954782, 0.11640025214936182, 535.847874804762, 0.8024425019907971, 10908.492065087647, 555.2576972177246, 20.866564552275005, 1.6088772427440048, 0.11494814641638569, 535.8409314501355, 0.7982211993269918, 10913.448595579986, 555.2128399150196, 19.39659655007053, 1.6088761569085157, 0.11489507266406458, 535.5817876469578, 0.7946761406117409, 10905.448168184703, 555.1507469459482, 17.746376222945948, 1.6088750747728897, 0.11430589862268617, 535.6582994921918, 0.796559388336175, 10913.859950118273, 555.0822217602264, 15.79967786540402, 1.6088740542785078, 0.11389004018771391, 536.0230370097543, 0.791256087711828, 10916.343960310123, 555.1591095166416, 13.411581566836732, 1.1380983365246806, 0.11345003270560684, 537.1071185145729, 0.7928047119276481, 10915.745513858908, 555.087728221459, 10.215335865480341, 1.1380964536616154, 0.11314620610138838, 548.9602255485437]}