{"obs_size": 14276494, "obs_mean": [5168.884226347386, 558.8596547583741, 2.6067072209745614, 0.0670297648974673, 0.10231802977348692, 627.0476388201513, 0.5652804749541703, 5171.1759986774705, 559.2644024506296, 2.490082018736533, 0.06702086100684819, 0.10229526444798018, 628.2077860795458, 0.565192774780726, 5171.425342317543, 559.6865663936819, 2.3456586750220327, 0.06701091286250685, 0.10229018293875307, 629.3656587741551, 0.5655498718383148, 5174.492648088242, 560.0983480958281, 2.167166182397443, 0.06669974117700761, 0.10234849160781344, 630.8839879800055, 0.5649986895942716, 5172.541846087892, 560.5332237732877, 1.9906866489769828, 0.06638875711418385, 0.10230009881445726, 632.5125333841304, 0.5660917761742074, 5178.044537997858, 561.0709948114711, 1.7868609057657994, 0.06607656110450547, 0.10235433790796367, 634.48572860638, 0.5664906528872217, 5178.743008545607, 561.5938604394047, 1.5765827380307798, 0.06546308891378429, 0.10241688851163329, 636.9354097035715, 0.568357192038911, 5182.7311609140215, 561.9514262395235, 1.3509075127268642, 0.06485009340921528, 0.10260481688256284, 640.0966419903477, 0.5722763865554427, 5184.722764448746, 562.2383954351818, 1.1012602954198698, 0.0645364045027513, 0.10295381700423084, 657.1312527931534], "obs_std": [10882.566645114368, 555.5685294121517, 24.37948707989398, 4.253359039081437, 0.1566067513812321, 532.6846429201664, 0.8738820503926336, 10885.18256626681, 555.5556237697218, 23.633375983250616, 4.25335872909187, 0.15546870456497586, 532.5381743592401, 0.8749149177041393, 10882.892785360329, 555.6414282257923, 22.578437112874884, 4.2533580722432, 0.1553245484728185, 532.0913978423476, 0.8752813935846582, 10885.770083264806, 555.700826191178, 21.31286181379552, 4.098656089987374, 0.15638361619691354, 531.9763997494421, 0.8655800014192335, 10881.454218287212, 555.6609963011072, 19.832732557208782, 3.9378816741539304, 0.15482305207815164, 531.8906668479694, 0.8713456546096595, 10888.926143981384, 555.724884806562, 18.08381673602232, 3.7702571703301064, 0.1548715244867528, 532.1502936484488, 0.8682810414978714, 10888.389651312009, 555.7307925990827, 16.041614107888677, 3.4103811740187377, 0.15354182023372956, 532.8689454922095, 0.866748207164136, 10897.419336660703, 555.5998429052203, 13.628674193157439, 3.007750326762833, 0.15492726530759232, 534.7606779687889, 0.878119015399494, 10895.626515083723, 555.4433976327533, 10.302022460211958, 2.7846883932473068, 0.15765681525014627, 550.373939527737]}