{"obs_size": 14276570, "obs_mean": [5291.510324231972, 567.3211519993947, 2.669637595024575, 0.06471600324812662, 0.0992390115468213, 639.4168093789585, 0.5576560390206362, 5306.106413629106, 567.6900715648086, 2.549983504441193, 0.06440815555396762, 0.09925766104456475, 640.7086352507583, 0.5577539055950267, 5278.002625233399, 568.2434827833297, 2.4078551080546657, 0.06439966240253144, 0.09925682543517185, 641.7990250164167, 0.5582600290546662, 5308.710177621323, 568.6056826674755, 2.226110053044954, 0.06439124386271408, 0.09930412781172245, 643.1632088063602, 0.5576991596021211, 5282.37094358698, 569.0668358716414, 2.0466342405773936, 0.06408146977650149, 0.0992621684464832, 644.7930241762549, 0.5583861401583718, 5313.161049463187, 569.6318502273305, 1.840536067136574, 0.06407206351141123, 0.09928771818371, 646.9017237003917, 0.5585177202227792, 5314.734089137839, 570.3924593232127, 1.6258208379183516, 0.06376214881726565, 0.09923973149559046, 649.463087276887, 0.559911988593957, 5304.558527192881, 570.9807135047143, 1.404006704691673, 0.06345164572415533, 0.09927885458853292, 652.8509823827432, 0.5633497222372745, 5333.9291865704845, 571.6748192317903, 1.148112256655485, 0.06344069979029315, 0.099441346255088, 668.7178347739401], "obs_std": [11182.72793826827, 568.4572237099655, 24.730838484351565, 3.0077352158180735, 0.1205875444816727, 544.1891015412879, 0.8239659344665842, 11285.270718108342, 568.5334303035687, 23.98364110163842, 2.784674049477049, 0.12007438931791098, 543.891486542902, 0.8193842482557262, 11112.612922619386, 568.8606508136365, 22.92002528005997, 2.7846733330692146, 0.11960540117509338, 542.838306566204, 0.820608524908073, 11254.181384797586, 568.8789513780879, 21.6379665599941, 2.784672947185853, 0.12041518367125556, 541.9525083406677, 0.8140121018439079, 11181.247541044278, 568.8110413269194, 20.12824096434735, 2.5421133904924034, 0.11842309424706697, 541.8540252884152, 0.8157277603469776, 11249.5198999399, 568.888302817003, 18.35308191415705, 2.542112764725343, 0.1176116087468968, 542.1764244119042, 0.8130233936438563, 11337.625852631054, 569.3292586441763, 16.28808603528417, 2.2738242757280727, 0.11416498987990863, 542.924740937589, 0.812987164972845, 11202.89893129199, 569.5985981964114, 13.857218202085853, 1.9693183888238868, 0.11386231220412757, 544.5799990931494, 0.8253485333051013, 11361.016618106327, 570.1546995397517, 10.507067973354966, 1.9693174838463312, 0.11383409502269279, 551.0150847318769]}