{"obs_size": 14240206, "obs_mean": [5216.482528631329, 561.6939421381966, 2.146788466402803, 0.0673025382785974, 0.10171895754499591, 633.7150253567071, 0.564242894871072, 5217.620466441624, 562.0070038312647, 2.059239171118733, 0.06729498231753898, 0.10172568679385725, 634.5558890412121, 0.5639588273512679, 5220.950588195603, 562.3665511580382, 1.9759197303746867, 0.06698483586783181, 0.10171490196258447, 635.5453963926824, 0.5646209818172886, 5220.517280932338, 562.6880536700102, 1.8750631837769762, 0.06667442494765274, 0.10176904611000752, 636.6704579703363, 0.5644005886572354, 5224.006009145849, 563.0347199331245, 1.7545912608286707, 0.06636356293322677, 0.10174722924450763, 637.8168289437117, 0.5644360921464496, 5224.061662945127, 563.4000583278078, 1.606564469643206, 0.06575049779807356, 0.10175981303121603, 639.1209613639877, 0.5645027284015798, 5225.695650316526, 563.8141450341379, 1.42311979194683, 0.06543857362324075, 0.1017493329389344, 640.511903032531, 0.5642261835257494, 5227.035430635856, 564.2985675909463, 1.2417880050330732, 0.06512649365178537, 0.10171930957010004, 642.240878574555, 0.5651312190287494, 5230.204360624486, 564.7907035895407, 1.0333014143194277, 0.06330701037520886, 0.10178373636266287, 663.0989159424577], "obs_std": [10959.846495699503, 556.6432148883357, 21.231759974318027, 4.408230184690631, 0.14795281041471425, 532.7853264429708, 0.8547183900607418, 10960.375093144803, 556.6791723571046, 20.661285619737107, 4.408229813692209, 0.14744207619445274, 532.6263501656277, 0.8572724216700162, 10966.190474701703, 556.6836409658323, 20.01854086841246, 4.258770623695794, 0.1463689000766131, 532.5160639354808, 0.8520425292045245, 10963.32298498005, 556.6740185606508, 19.261496728487725, 4.103871971774393, 0.14646911114136044, 532.5033906078444, 0.8513383710088266, 10968.741132751096, 556.6222381713806, 18.273813319639476, 3.942892681346897, 0.14606245305837334, 532.4160977757703, 0.8509040110668666, 10965.797499216242, 556.6145027575934, 16.86386872068748, 3.599400102152146, 0.14590288038963686, 532.1211605213668, 0.8466528797720729, 10968.90012086349, 556.6289692282788, 15.015861996506976, 3.4147206788698625, 0.1455311449947868, 531.8321170675708, 0.8394478264053536, 10966.547119797626, 556.6351167090306, 12.77735027625001, 3.2194649343198956, 0.1436939921399121, 531.795203080313, 0.8375746286487644, 10971.05564803394, 556.6547932647516, 9.78408568239508, 1.6102157472974155, 0.1428114876279819, 548.6769305109907]}