{"obs_size": 14251841, "obs_mean": [5269.882181498072, 570.9917486449644, 2.2504756403049964, 0.06292092362419179, 0.09775116593519402, 628.2753658838867, 0.521942220096332, 5269.647420799028, 571.2714296349503, 2.1640948001033684, 0.06291420969972401, 0.09774846745518727, 629.2282296601022, 0.5219500732571962, 5275.6207113070095, 571.5821572805928, 2.0613919984091877, 0.062907363564337, 0.09776944985458437, 630.2652797905442, 0.5220863971889614, 5272.335555110123, 571.9480575176218, 1.9377018028758528, 0.06289984394220531, 0.0977433852200574, 631.4685166165281, 0.5223200952775092, 5277.48530830427, 572.3583301974813, 1.7825758791443151, 0.06289217886693534, 0.09774936408426103, 632.8360650188725, 0.5226071137055126, 5277.662636448556, 572.7432529593896, 1.6022787512153693, 0.06288401732345475, 0.09773182308748728, 634.3924029293239, 0.5227181240655104, 5279.742947504094, 573.2571059416115, 1.4140621551980548, 0.0628751604829945, 0.09771755782793207, 636.0091403897363, 0.5229779997545527, 5285.812259491413, 573.8268260921519, 1.2066796844000716, 0.06256513722010598, 0.09775442711204925, 637.8006558371388, 0.523054540462513, 5285.103831536842, 574.3391390628059, 0.9842898191188072, 0.06255583906837935, 0.09770609022609707, 647.7363572525112], "obs_std": [10902.270227561177, 553.1852418375589, 22.522344245628922, 1.6095358480008868, 0.11305750298906081, 523.1487015832437, 0.7387192736077599, 10899.743664439311, 553.2320997274603, 21.94546816024199, 1.6095349650249422, 0.11215058177326427, 523.1728574834152, 0.7357053783810825, 10911.648877624468, 553.0823746600763, 21.23123130765835, 1.609534266476672, 0.11121801615151866, 522.8313080078889, 0.7355883397456667, 10896.668462639787, 553.2274357461907, 20.312716195656243, 1.6095335005670441, 0.11015330067145403, 522.7369665158656, 0.7365169015269277, 10911.109902230985, 553.1627497203276, 18.962054097284554, 1.6095328819520436, 0.10988533863959327, 522.6275678995573, 0.7376450793293277, 10908.148344994983, 553.0528482789289, 17.319414333761426, 1.6095321586355975, 0.10838529349457361, 522.4769212264382, 0.7376765070992528, 10910.229464751006, 553.062754962429, 15.410168977053841, 1.6095313690713529, 0.10583517812408978, 522.1334851474014, 0.732269950523002, 10922.877879376572, 553.0432912641917, 13.020694279095586, 1.1385462730658478, 0.10528142339551386, 521.8150500592463, 0.7303744150800912, 10911.305211725052, 552.9903406462649, 9.826169014268265, 1.1385450438472708, 0.1046842177773439, 521.4148803505939]}