{"obs_size": 14276494, "obs_mean": [5201.189478109619, 562.3078395858254, 2.6127812612816563, 0.06503684250692886, 0.10132794960632531, 622.5277803761476, 0.5446290165498526, 5202.987462074382, 562.6741500399188, 2.495066015507729, 0.06502901011355547, 0.10128429223253281, 623.7535612756615, 0.5448873289898676, 5204.5367309175745, 563.1192839782653, 2.346404516402977, 0.06502015720317007, 0.1012909252648455, 625.0368861595355, 0.5450789121614805, 5207.1979651371375, 563.537158983151, 2.172845237773364, 0.06501095266828914, 0.10129070655645565, 626.5926319834053, 0.5449918311876795, 5206.298571960219, 563.9905974814264, 1.9884356061088948, 0.06500149504150766, 0.10127510542784565, 628.1144824565482, 0.5453537892426427, 5211.475711450619, 564.5729565676278, 1.7895930891716132, 0.06469082653360916, 0.10130735857382156, 629.9016348902338, 0.5456536524303479, 5213.139176505565, 565.1318155563963, 1.574222844908561, 0.06438017023354015, 0.10125011776042517, 631.9079203846487, 0.5460625502311613, 5217.713131161575, 565.6348649745518, 1.3463194815197626, 0.06406891819301776, 0.10126672231270577, 634.1605133070735, 0.5468007396633912, 5220.258375922585, 566.1457008982737, 1.09584531048029, 0.06405753856991152, 0.10130233034525186, 641.7176794495862], "obs_std": [10875.839455249421, 555.4190951897817, 24.42948777878357, 3.007751819046129, 0.12492661854457009, 523.9309552605504, 0.7713141750639954, 10876.879770957426, 555.3666384078679, 23.68344000638941, 3.007751367762463, 0.12364896416084757, 523.8094239071055, 0.7723388362890498, 10877.042265578515, 555.4553012669829, 22.62719197306007, 3.0077508448712056, 0.12329205823316496, 523.5106854581559, 0.774381786830875, 10879.87291434947, 555.5122991969164, 21.36335425616895, 3.007750351166921, 0.12319367450584522, 523.3941167638419, 0.7672116050105456, 10876.773491006612, 555.4690227739455, 19.87517147965763, 3.0077497982011043, 0.12193299699879716, 523.0376966116468, 0.7688762951863258, 10884.566765008609, 555.5587963805639, 18.130323245671377, 2.784688172189963, 0.12049029573504094, 522.8168004267498, 0.7693399719535094, 10883.492926471865, 555.5657810710718, 16.08796197660909, 2.542129036614241, 0.11827234266537823, 522.5241120100605, 0.7661706732697949, 10892.971081437881, 555.4691935929452, 13.66777958096739, 2.2738405949280174, 0.1176433371697087, 522.5511443088113, 0.7676178255041198, 10889.742500417691, 555.3315278007613, 10.323786612811528, 2.2738396232802924, 0.11677858693686875, 521.8600128159973]}