{"obs_size": 14251841, "obs_mean": [5226.547153162947, 565.049716103344, 2.321081886894472, 0.06343944676867608, 0.10087809679409168, 637.0940293935371, 0.5533195051081622, 5226.952687198783, 565.3538025017259, 2.2350822606005774, 0.06343173056506414, 0.10085667055800088, 638.0586350775733, 0.5534190929438665, 5232.655781773109, 565.6503879042715, 2.13274193839238, 0.06342346409878791, 0.10089007981291696, 639.1533780608426, 0.5535523119434341, 5228.959109697918, 566.0246726019467, 2.0080402244173223, 0.06341492511859577, 0.10087457673966545, 640.4255403706316, 0.5538167405881246, 5234.500196494972, 566.4644642050106, 1.8551069296942055, 0.06340622088964736, 0.10086888094822262, 641.84082836423, 0.5541381656587542, 5234.371443702721, 566.8347998690134, 1.6740817554728544, 0.06339692627030659, 0.10085142237581741, 643.4808562535432, 0.5542610901988185, 5236.406662332796, 567.3124328990201, 1.4875730791551771, 0.06338700708442724, 0.10082010432939797, 645.2374816560093, 0.5547281605232797, 5242.358327824808, 567.8746955568757, 1.280643111300498, 0.06307598836284677, 0.10088031766338196, 647.2505996436012, 0.5549632518353361, 5241.293564656788, 568.3813331905681, 1.05903735524414, 0.06306553101533621, 0.10084352508907413, 661.4233060319684], "obs_std": [10932.299214410645, 555.6324149979914, 22.598840218717832, 1.6095522620631821, 0.12128532353256381, 537.6182008775688, 0.7842382917945248, 10930.947953864272, 555.7137475686608, 22.021736697645828, 1.6095511128731659, 0.12071941533570167, 537.6033183278419, 0.7806680198543744, 10942.195007840304, 555.5696838171787, 21.306033635205036, 1.6095499701938056, 0.11986745927585496, 537.3575358547206, 0.7805906701595386, 10926.601247717292, 555.7138125521328, 20.38364526067521, 1.6095489253797641, 0.11894562407797248, 537.3559079552185, 0.780882982187108, 10941.674691330385, 555.6788718308627, 19.03689464803662, 1.6095480136265403, 0.1184984341234222, 537.3750875582789, 0.7817125307980133, 10938.654109553254, 555.583222016807, 17.397571765132422, 1.6095469559234492, 0.11689064351841615, 537.4351315214103, 0.7814234678250197, 10940.755453521855, 555.5758016202731, 15.496280435149824, 1.6095458485322114, 0.11445103177147686, 537.3134066089635, 0.7766115336480157, 10953.64344334074, 555.5562982102973, 13.124181834099833, 1.1385664849303199, 0.11454960494156055, 537.4126070813268, 0.774379917095391, 10941.69658396793, 555.5024470405376, 9.953640802602918, 1.1385647359864586, 0.11398406793172634, 545.747943693451]}