{"obs_size": 14263932, "obs_mean": [5252.970846574344, 570.4975788583401, 2.3969253358751295, 0.06294487105155419, 0.09780118220810394, 626.5534438823248, 0.5217081521420562, 5255.364932492075, 570.7884019637783, 2.299227169619149, 0.06293822671926212, 0.097859060511366, 627.6344993780612, 0.5220647679055045, 5256.18549033965, 571.1085484002587, 2.1789242966105, 0.0629308016898243, 0.09781022843217535, 628.7161687152354, 0.5220545439364083, 5257.943045627614, 571.4941543467818, 2.0258395090498187, 0.06292324857712023, 0.09777535024430845, 630.0936993712442, 0.52219752239424, 5262.089110081925, 571.9030906765399, 1.849871970786176, 0.06291496540947748, 0.09777642128103296, 631.6227565737573, 0.5222234683956655, 5260.266179634467, 572.3598519678865, 1.6636162455064984, 0.06290637825489764, 0.09777572461268123, 633.364635467597, 0.5226109385546656, 5265.672304019423, 572.8425301662965, 1.4609585211146547, 0.06289764534436491, 0.0978122752197646, 635.0774757386694, 0.5225518451714414, 5267.928870891104, 573.4149852228683, 1.2398116452041414, 0.06258763026962949, 0.09774959663695808, 637.193397888649, 0.5229819279845058, 5271.146159240287, 573.9188507068036, 1.0070773612773813, 0.06257816661690026, 0.09777381132243311, 645.9982635911756], "obs_std": [10867.667366634469, 553.2499629628388, 23.48701981141436, 1.6088544152904103, 0.11097646877099691, 523.0439702002644, 0.7400110185535658, 10872.909267245723, 553.3142726168461, 22.86506143481695, 1.6088537346142127, 0.11044556950797012, 522.99238314342, 0.7407566225885102, 10870.975900908767, 553.3137413884818, 22.034606509029317, 1.6088530268320074, 0.10967264128469914, 522.7582747703179, 0.7430317783823067, 10875.743490510526, 553.1806610430577, 20.877266612239417, 1.6088524313266586, 0.10820214247427033, 522.8698733267096, 0.7394728052979691, 10881.162133366372, 553.135799596047, 19.39883877444497, 1.6088516972221367, 0.10844607029615744, 522.4408944709955, 0.7362459812485012, 10873.204357369737, 553.0380629668118, 17.741013852146203, 1.608851041597327, 0.10736372464053212, 522.2267048679997, 0.7373747104942403, 10882.057242421697, 552.9502797390624, 15.789633359795191, 1.6088502222723307, 0.10683870645230355, 521.943531075937, 0.7320179092894342, 10883.135573576255, 552.9793196079761, 13.390361857366658, 1.1380651770663615, 0.10607175605732748, 521.7942884238406, 0.7317546887519468, 10884.469386103854, 552.8908855974182, 10.175164016507363, 1.1380639852195271, 0.10526581227690691, 521.1049100053867]}