{"obs_size": 14289583, "obs_mean": [5215.994322968353, 563.1434820036386, 2.8418338729688615, 0.06741065666780538, 0.10047881781175787, 626.6739216209967, 0.5612224143979739, 5227.604959501471, 563.6204734595823, 2.696848816372038, 0.06740227137272718, 0.10044644159937982, 628.2235062641566, 0.5618367463907293, 5221.874140702025, 564.0009099635728, 2.5175621289998458, 0.06709296903549307, 0.10048786476687294, 629.5944180391181, 0.561479719597161, 5224.141221535574, 564.4945832219177, 2.336765390564581, 0.06678317285627632, 0.10043807289442953, 631.0028654769417, 0.561919204640214, 5225.232849023887, 564.9137608144339, 2.134230089149557, 0.06677333620457014, 0.100482581741119, 633.0914861738594, 0.5617571270624399, 5227.309403499875, 565.5324138570035, 1.9193522302225334, 0.06676332372002113, 0.10042157480410763, 635.4701597613719, 0.5633145301021257, 5236.160293409768, 566.081736674891, 1.6961478861909407, 0.06615192229655133, 0.10045888449550887, 638.5678704386742, 0.5668059585084044, 5231.8026516638065, 566.6672526413121, 1.4441872096617514, 0.06584037280067007, 0.10062552299650744, 643.8556535308732, 0.5782084444311837, 5237.781987781506, 565.9136957320588, 1.2120118550695287, 0.06492770654434853, 0.10111566118892379, 654.8890562050701], "obs_std": [11021.529627490649, 566.000320447654, 25.686506023705416, 4.251408710868864, 0.125402186591092, 531.0256444322094, 0.8396721594597955, 11033.95974573641, 566.1232265468358, 24.69138807540969, 4.251408363934552, 0.12401716216597022, 531.2047928558462, 0.840216332381425, 11050.803571579587, 566.1091915350913, 23.515143300076424, 4.096777786921303, 0.12446811493249585, 530.8070249190246, 0.8312138274130315, 10998.570252106461, 566.1497543318653, 22.192028724261416, 3.9360771072495315, 0.12245710490703844, 530.0278563613182, 0.8302590773340949, 11048.278491791658, 566.0489572221583, 20.61155737311105, 3.936076727103105, 0.12267380989689596, 530.084804842369, 0.8224501937485098, 11008.997777040238, 566.2236475181243, 18.816931963863087, 3.9360763861006602, 0.12037841174820363, 530.3118226153236, 0.8269963328312511, 11050.189897906797, 566.1947744679679, 16.719778679870704, 3.5931783528882772, 0.11875640323341911, 530.8641247555252, 0.8319403113630792, 11042.095542514544, 566.3107205499989, 14.138661065373158, 3.4088189705894054, 0.1188383553997941, 532.5653314566107, 0.866745305100435, 11021.815150803814, 565.4519748981304, 10.88250654523639, 2.7834145386121283, 0.12097872698321016, 537.7735720171903]}