{"obs_size": 14251841, "obs_mean": [5213.086535752514, 563.7077401438873, 2.296703913550537, 0.06337495950495926, 0.09992676105051976, 642.7852876260698, 0.5575568929656575, 5212.878553762416, 564.0049721997319, 2.211814670118758, 0.06336705783611515, 0.09990396877568355, 643.7728194421068, 0.5576760814269915, 5218.85720968926, 564.3218011623902, 2.1093535214152332, 0.06335905180208766, 0.09992460829853549, 644.8297512644641, 0.5577804680813223, 5215.2134025611795, 564.6924997268774, 1.9865872766893762, 0.06335039265503424, 0.09991645615545451, 646.0576306589401, 0.5580293582422464, 5220.794445652026, 565.1230668374704, 1.8343113005540825, 0.06334171562636123, 0.0999101267289604, 647.3132417626579, 0.5581338975084343, 5220.332055476224, 565.4907431257477, 1.6529721318109007, 0.06333226266831884, 0.09988825297651013, 648.897921731516, 0.5582045826921993, 5222.333696997025, 565.9782447755348, 1.468497578663697, 0.06332228019735235, 0.09985769432173687, 650.7161666262754, 0.55885969068842, 5228.039272488164, 566.4917882538824, 1.2618167716016477, 0.06301102602815498, 0.09990810915340793, 652.8683331710344, 0.5594005379375535, 5226.479468225836, 566.9323015180986, 1.0418149486792618, 0.06300047622823773, 0.0998992037901623, 670.8753575519579], "obs_std": [10942.084985666748, 554.9770812398845, 22.490678230375458, 1.6095554807290149, 0.11961836099667005, 542.8415617849317, 0.7926447962738485, 10939.452925085998, 555.0545257516217, 21.91175115284732, 1.6095543071307261, 0.11923248833357995, 542.8899476540862, 0.7889824847458647, 10951.534759940472, 554.9155211373009, 21.19790639967537, 1.609553281129726, 0.11809665949236574, 542.5803178539667, 0.7890351334648376, 10936.116716005785, 555.0757393088859, 20.283463647458817, 1.6095522230741384, 0.11706972227249625, 542.4313529307204, 0.789248103441949, 10950.917615212513, 555.0362554650378, 18.941869979871456, 1.6095512733925958, 0.11654151527783173, 542.1413299363696, 0.7889029580683682, 10947.215488333648, 554.9576949983331, 17.306928676652653, 1.609550175516915, 0.1150439345559883, 542.0797905629971, 0.7886077708842516, 10949.285153172556, 554.9791895484175, 15.407101248100318, 1.6095490509814214, 0.11261231675863968, 542.2097348841996, 0.7846478044627161, 10961.965934408328, 554.9699238150865, 13.035235314094294, 1.1385708799886471, 0.1125073540950578, 542.7374613769349, 0.7825438264175343, 10950.259546984056, 554.9572591792714, 9.867550026753518, 1.138569076606084, 0.11235317313837652, 558.9090702408961]}