{"obs_size": 14276494, "obs_mean": [5209.566460817505, 565.7079793540346, 2.6079104575675234, 0.06443931579735987, 0.10024619727063298, 622.5096511226108, 0.5359535066522538, 5210.802789391532, 566.0593733307351, 2.4902554506729735, 0.0644320290923747, 0.10020976990191062, 623.7556762131236, 0.5362346536201308, 5212.887443437557, 566.491172552589, 2.3402848066198887, 0.06442393020100827, 0.10022645696527563, 625.0271462888078, 0.5363693195262043, 5215.41485660447, 566.9067929423009, 2.1665205056647663, 0.06441556894368558, 0.10021623644859885, 626.5829818701023, 0.5363420942144421, 5214.607903825786, 567.3505894374347, 1.9802239261264005, 0.06440681715819822, 0.10020906136268512, 628.1457028012165, 0.5366224507921844, 5219.481157003991, 567.9423568559619, 1.7795437030968528, 0.06439751854244562, 0.10022546853548249, 629.990085178286, 0.5369773325299579, 5220.89336064209, 568.5091078383809, 1.562480396097249, 0.06408747674920158, 0.10018025768742683, 631.9887350559078, 0.5372455333221083, 5225.800772233439, 569.0076808073466, 1.3320459490964658, 0.06377693354601695, 0.10017425850289377, 634.3029549592507, 0.5379270402803384, 5228.410033274548, 569.530406625044, 1.078191046064951, 0.06376603586819785, 0.10021072331554283, 641.911640026835], "obs_std": [10862.424569880344, 555.7404960048968, 24.526220100057493, 2.542128486471844, 0.12118283833852658, 523.5936920743055, 0.760295376623552, 10863.380171317394, 555.673037172586, 23.781020376274785, 2.5421280830405175, 0.11994076979442912, 523.4863067078322, 0.7617736143151367, 10864.236563422486, 555.7474685917804, 22.722285619903744, 2.542127675781794, 0.11986524411825289, 523.1445393250093, 0.7637725992266561, 10867.018504834334, 555.7979623506524, 21.45324293019901, 2.5421272588561057, 0.11927089106211484, 522.9854168661514, 0.7568014255517381, 10863.94601173866, 555.7479508918123, 19.96598704374267, 2.542126841104765, 0.11846294730174743, 522.6397940058906, 0.7579971308789477, 10871.05020437716, 555.811579388766, 18.216025224785785, 2.542126245780545, 0.11664563278569816, 522.4451371304326, 0.757788016215559, 10870.022134889412, 555.8295892964808, 16.16801963718654, 2.2738378211894363, 0.11432536374612177, 522.1255275726023, 0.7544591181072924, 10879.307869112456, 555.7189534200204, 13.739879748669816, 1.9693323665994225, 0.11359164941143048, 522.1522295192565, 0.7557331605773951, 10876.46563155359, 555.5905140068304, 10.350165194680429, 1.9693314071539452, 0.11253559152555545, 521.4178932705481]}