{"obs_size": 14240282, "obs_mean": [5238.481875252352, 560.6930147872071, 2.2248614879958133, 0.06382751946535334, 0.09924357942918559, 635.8195899239456, 0.5645396310972601, 5243.130029873156, 561.0803835907182, 2.1385745731720767, 0.06351942061997934, 0.09927037836490984, 636.7039298126256, 0.5639238760160025, 5247.268219116624, 561.4258479572246, 2.051576085361231, 0.06351323630663497, 0.09926042052439735, 637.7594759360408, 0.564874255369447, 5246.0848779913, 561.7642837410102, 1.9555906266462981, 0.06350626520669464, 0.09927606389508387, 639.0433551401512, 0.5650686562247041, 5249.541959612788, 562.0585647812311, 1.8314664695544653, 0.06349896206185522, 0.0993012510672196, 640.2965813161021, 0.5651112137386637, 5247.759392319373, 562.4827291341561, 1.6866279052619886, 0.06349078789529018, 0.09926880753562428, 641.7419810875404, 0.5655746747852967, 5251.798770424815, 562.8840824219634, 1.5005553260813234, 0.06348197927036271, 0.0992880630531752, 643.1479092711746, 0.5651665040763171, 5250.94686146098, 563.347476686206, 1.3157106720218041, 0.06347279771560141, 0.09930909996164385, 644.8019045396702, 0.5657409177712137, 5258.049100501307, 564.0241952371449, 1.1093389161815757, 0.062861359690427, 0.09930024686849671, 668.0195070638775], "obs_std": [11010.61794375754, 558.089266146306, 21.419424727821312, 2.276717082553214, 0.11576345867102036, 527.8746862534271, 0.8197943251387312, 11015.483740404898, 558.2271450888196, 20.85616860664731, 1.9718221149402362, 0.11505479232107964, 527.6891056234367, 0.8132415012873943, 11034.259312453862, 558.2123650118006, 20.213199460551934, 1.971821593409079, 0.11416367734292361, 527.6587205156964, 0.8117920820590565, 11021.500188364074, 558.2707131310971, 19.47060238317378, 1.9718210438408645, 0.11428469532099275, 527.7704821699746, 0.8103240603930699, 11031.118127355523, 558.1340956783796, 18.47386726317671, 1.971820427740752, 0.1136642199901426, 527.8358825226924, 0.810489590601728, 11021.498958196724, 558.1648153317166, 17.075560167667653, 1.971819533217792, 0.11247448214801078, 527.7508867454877, 0.8054973568783614, 11028.511714139446, 558.2231957333406, 15.220190822751793, 1.9718188624244806, 0.11168240105314695, 527.5150333838634, 0.7999974639890672, 11021.956511168557, 558.1346446799475, 12.949680753823243, 1.9718180494877287, 0.1111375842262342, 527.3003243637651, 0.7952144837374974, 11035.499932701368, 558.5315518220973, 9.969282214953147, 1.1390179757725212, 0.10897813275763892, 539.7518196753837]}