{"obs_size": 14240206, "obs_mean": [5217.099327899073, 561.2568105405217, 2.141388614743354, 0.06516656448390691, 0.10035835616942594, 636.3733282139355, 0.5629198211739646, 5217.23667673282, 561.5680892537649, 2.0550725881353125, 0.06515930046974866, 0.10035944209690616, 637.2619037157644, 0.562649259498101, 5221.099580837325, 561.9111665238552, 1.969195459672423, 0.06484980902959675, 0.10035477478682607, 638.258569951173, 0.5632901939761582, 5220.0355649367, 562.2489896564699, 1.870015503989198, 0.06484167713936986, 0.10038526805742912, 639.4023740271209, 0.5630809478458643, 5224.686263666133, 562.574701166542, 1.7489379016005808, 0.06453164821092588, 0.1003669044329848, 640.571688613393, 0.5631540649763315, 5223.926123840285, 562.9425016042603, 1.6001382283374272, 0.06452185282973534, 0.1003628963402642, 641.9096892353394, 0.5631551651008789, 5225.574983949665, 563.3437146906443, 1.4187435209855812, 0.0642101869121918, 0.10034054848181266, 643.3600828902751, 0.5630973198000445, 5227.050863825185, 563.8222958291474, 1.2358644249949755, 0.06420020479065512, 0.1003411961349425, 645.1167964500415, 0.5638738950125056, 5229.076814908364, 564.3288123079118, 1.0293436064056938, 0.06328555447204283, 0.10039264769723184, 664.8495163742245], "obs_std": [10964.826226411049, 555.8409976014308, 21.206042296144282, 3.2194681246161916, 0.12150342780365317, 534.764018448875, 0.8195547886298457, 10963.403638096901, 555.8449060314884, 20.63591575181207, 3.219467583945558, 0.12088093170877678, 534.6674190073957, 0.819039716397762, 10970.166989054285, 555.8378045876182, 19.992476724363776, 3.0115790271549363, 0.1202718863333792, 534.587856591603, 0.8172628650545315, 10966.293123306792, 555.8435997578375, 19.237342289717798, 3.0115787169191583, 0.119859738296122, 534.5606895793203, 0.8135639075874295, 10974.27686471446, 555.7794636894789, 18.245818259122178, 2.788233255243804, 0.11949716075422132, 534.4391674349448, 0.8150888692512365, 10969.201227888654, 555.7712443275551, 16.835313910899036, 2.7882321740197304, 0.11848919795588314, 534.1115824969639, 0.8116377256181926, 10972.735772709546, 555.7767883321153, 14.996013055180665, 2.5453631442923577, 0.11847782067855912, 533.9180740335904, 0.8063741239606351, 10971.345194505924, 555.7684692886701, 12.75317934557037, 2.545362448558547, 0.11717416261751233, 533.8898752484841, 0.806206542782704, 10973.940855904057, 555.8021041406645, 9.766963679913726, 1.6102144947042896, 0.11565154274070094, 549.1007419069687]}