{"obs_size": 14263932, "obs_mean": [5186.750712304865, 561.1169498704846, 2.453735057065612, 0.06405621887219652, 0.10081472878235868, 632.6871417011329, 0.563800169616653, 5188.622335994749, 561.4205733734569, 2.355479681198705, 0.06404804217589712, 0.10085864126848136, 633.7138976875871, 0.5639180035351, 5189.706830444741, 561.7692012973702, 2.2344894801797994, 0.06373780980785168, 0.10083385272153664, 634.7870378988051, 0.5637142616075613, 5191.227303387812, 562.1578310945397, 2.0878910527616084, 0.06372866595354844, 0.10080245616341914, 636.0588641333868, 0.5639332079682079, 5195.365209377914, 562.5545623044193, 1.9075294245654004, 0.06371880799264396, 0.10079758059923528, 637.5913886364991, 0.5636073642247114, 5193.4457069987275, 562.9992094045316, 1.7289237637980888, 0.06370863837181283, 0.10078686309315109, 639.3926794943087, 0.5645939948396095, 5198.655331721879, 563.4453172519331, 1.523898249094289, 0.0633972631336947, 0.1008412678062407, 641.3028105173714, 0.5645744681060294, 5200.046196518102, 563.9933774922649, 1.3070153447170108, 0.063084848510013, 0.10086272736816165, 643.962733316403, 0.5663073783582537, 5202.998203138422, 564.384057986255, 1.0787224027708489, 0.06307319458436327, 0.10099559337621752, 662.2798712382128], "obs_std": [10901.839889639901, 556.4820633489395, 23.4543716277908, 2.2748474194856345, 0.12650527442402465, 535.2877598424147, 0.8441603465319376, 10906.769827662121, 556.5722842301828, 22.829604974163207, 2.274846739914408, 0.12542728428936978, 535.1971603163223, 0.8428748128821654, 10905.730279913561, 556.6018516694797, 22.00586558978001, 1.9702080284120198, 0.12530166811216206, 534.9451032462131, 0.8435379736764966, 10909.215568002988, 556.5100875355178, 20.857721257774497, 1.9702072063744427, 0.12395509366170339, 534.893651730689, 0.8397100854994658, 10915.452762809977, 556.4780966525207, 19.385260678326464, 1.970206329751034, 0.12437360562998298, 534.5781963289368, 0.8312748591213533, 10907.820813053315, 556.4205214206474, 17.73498180571174, 1.9702054489944036, 0.12319688067705908, 534.5741747779107, 0.8354163480392706, 10916.09362657304, 556.3490083982344, 15.794721724125472, 1.6088816297754596, 0.1232921875824617, 534.9058070146592, 0.8247339744666676, 10916.568672647947, 556.4429768566015, 13.413571395468516, 1.1381085505406559, 0.12281012706595465, 535.9303691865608, 0.8249731124519701, 10918.098920729419, 556.3527510693937, 10.233303376208363, 1.1381059852989894, 0.12319913676080868, 551.713225462506]}