{"obs_size": 14240206, "obs_mean": [5218.939312664183, 561.1643358951408, 2.145956526190702, 0.0660312981605124, 0.10188792896710955, 633.1511322021635, 0.564811351675697, 5220.469189837389, 561.4891818980708, 2.0571187663998685, 0.06602384177188997, 0.10185194494819955, 634.0301872597439, 0.5644879442755498, 5223.6363177177245, 561.8508757527807, 1.973947427445923, 0.06571374348166847, 0.1018855692812314, 634.9945989397522, 0.5651352796441591, 5223.267181776233, 562.1779241817148, 1.873277816346196, 0.0657049393310824, 0.10193011874224336, 636.1175705393998, 0.5648995702730958, 5226.830314066435, 562.5181927845706, 1.752649996776732, 0.06569548486911747, 0.10190457494814423, 637.2376690156885, 0.5647821720416332, 5226.617021189429, 562.9050880303275, 1.6052554295913977, 0.06538422720135613, 0.10190003613999771, 638.5417630668097, 0.5649731026363273, 5228.201405186508, 563.3244662331431, 1.421113641193112, 0.06537366401477027, 0.101902738369445, 639.9413276674926, 0.5647120576065023, 5229.958349365307, 563.8079647162407, 1.2411255146168532, 0.06506124474871453, 0.10188035275325329, 641.6945033415479, 0.5656357273904946, 5233.345246268369, 564.2910353965385, 1.0332231148903324, 0.06324135740628391, 0.10193756410405928, 663.2902600428645], "obs_std": [10963.667273324165, 556.6447923428505, 21.217646197404722, 3.7750580676706043, 0.1503762125558558, 532.940415367923, 0.8585082845869181, 10964.955963717677, 556.6653836165345, 20.64578140389893, 3.7750576434843066, 0.14878242468575426, 532.8678861663675, 0.8606545796582147, 10971.159859319036, 556.6465887155597, 20.000306051273053, 3.5994021383284114, 0.14882211235183623, 532.7627513286287, 0.8570379192851805, 10967.595379528408, 556.6211913977514, 19.247740669875835, 3.5994017697926606, 0.14890163396344627, 532.7098509817822, 0.8553747961361987, 10973.784706864546, 556.6087420757809, 18.258223965957708, 3.5994011408381517, 0.14863887031487952, 532.6090488620627, 0.8545748761053276, 10969.148961235196, 556.651377806301, 16.850349519601917, 3.414721882657507, 0.14772040923570928, 532.3298227178574, 0.8490329007751573, 10973.116437466226, 556.7101010473876, 15.002344379960494, 3.4147208894708134, 0.14796602795725228, 532.0430901481535, 0.8437204121954356, 10972.466552079846, 556.67592235518, 12.767538806569089, 3.219464998178451, 0.1463877186118168, 532.0478674799471, 0.8444896602547882, 10977.017339318378, 556.6507413480637, 9.783527381340539, 1.6102156953909825, 0.14533255323952568, 550.9052608720806]}