{"obs_size": 14240206, "obs_mean": [5226.508340999121, 560.7388616428723, 2.1521091057250152, 0.06603974657874456, 0.1021891283524267, 631.2666780143529, 0.5662614882818588, 5229.747952033758, 561.0684265382115, 2.0615839405693994, 0.06573011085163502, 0.1022331730087341, 632.1229787517586, 0.5656357559013093, 5231.681053085316, 561.4276237296007, 1.9793146953070762, 0.06572214202520091, 0.10224337522231104, 633.0804376117022, 0.5665314166803722, 5231.7357818480805, 561.7583284960906, 1.8783514086804642, 0.06571341221981745, 0.10230766522254046, 634.220636597339, 0.5661437450413452, 5234.331554926479, 562.0990115592429, 1.757359479209781, 0.06570337734574332, 0.10226688173099514, 635.3405590976644, 0.5661058999427581, 5234.924752862037, 562.4799528180981, 1.6100338014773101, 0.06509025745527236, 0.10225716027008327, 636.6847877712274, 0.5664050223009673, 5238.196789496626, 562.8860969426988, 1.4252120369607013, 0.06477765703179535, 0.10228602944620287, 638.077171111751, 0.5659529251894477, 5237.5582538312, 563.3734428420487, 1.2459443353558228, 0.0644651094667531, 0.1022844084796238, 639.7941777680263, 0.567047218277628, 5243.761003997716, 563.8902581886807, 1.0360040437617264, 0.06354973188366136, 0.10232098663937875, 660.5111606702848], "obs_std": [11017.994899403937, 556.1584167812123, 21.22839679468402, 3.775058766006269, 0.15333797431094956, 531.7390809153167, 0.8946651289954544, 11026.79096603393, 556.1975465055557, 20.657204592635793, 3.599403519048487, 0.15314977328680793, 531.6426127262488, 0.8936957237726176, 11030.786372507342, 556.2310504337296, 20.014324139805446, 3.5994030811918964, 0.15301393167153704, 531.527268411529, 0.8931654219521198, 11026.282331072356, 556.24392279683, 19.25736914018721, 3.5994027080382254, 0.15384899031617955, 531.5460889489017, 0.8866497685957291, 11025.776166360925, 556.1882979774635, 18.26659131435149, 3.5994018236801657, 0.15233887558959794, 531.4394921110633, 0.8856620729387749, 11028.727026071922, 556.190690812195, 16.859513103692485, 3.21946745396005, 0.15142229029737853, 531.1836311726059, 0.8772099569057187, 11036.598482834797, 556.202019340487, 15.012714330642046, 3.011578239269852, 0.1516201751097588, 530.9181461838826, 0.8687551142051307, 11028.579842568934, 556.2022019152527, 12.770080964967995, 2.788232297244487, 0.1508456116699662, 530.8392976686797, 0.8642668059937548, 11050.925784802415, 556.2439194199573, 9.783541634671753, 1.97184164625348, 0.14942655837707067, 546.5858925436817]}