{"obs_size": 14240206, "obs_mean": [5287.696359726796, 571.6286081816512, 2.0821788673562724, 0.06317654292958472, 0.09765912533308842, 630.1181533182903, 0.5221355501458258, 5288.8642919537, 571.9426306052032, 2.0021593788741545, 0.06317068684049443, 0.09764460833207154, 630.9268807769125, 0.522294934778325, 5292.253912255048, 572.249812397377, 1.9106064195981431, 0.06316455401875015, 0.09767049200299559, 631.9166812376245, 0.5226350383554804, 5290.945716446868, 572.5687188794882, 1.8125907729143806, 0.06315781800313348, 0.09769502525237432, 633.093637160862, 0.5227007240625492, 5294.982940380544, 572.8644647415914, 1.6913899981503075, 0.06315066011672371, 0.09766072149588345, 634.2646406876815, 0.5229694010044458, 5295.13983489114, 573.2270300724581, 1.5364876041821305, 0.0631430882129885, 0.09766489265808447, 635.7217416096771, 0.5229367389769481, 5296.9180047100435, 573.6404691055735, 1.3593149565392524, 0.06313462497362247, 0.09763930461413263, 637.1559579807059, 0.5231292422314663, 5298.796625032431, 574.1198967908189, 1.1681656150198951, 0.06312606672425447, 0.09764290889555886, 638.7969736954632, 0.5232554772732874, 5301.033876397273, 574.6466077808144, 0.9644329583434397, 0.06251445445579389, 0.0976608643958526, 649.0758164944115], "obs_std": [10932.095455963072, 553.4476043299759, 21.241855253517915, 1.9718206189739031, 0.11134335536496225, 523.1196239339652, 0.738284806222608, 10933.234055474568, 553.4463268091675, 20.670868846912647, 1.9718200837534214, 0.11065742528244718, 522.899671182356, 0.7393587809082782, 10939.673709842431, 553.3893490465492, 20.018249742587926, 1.9718195916733288, 0.10967589240153809, 522.7414669297514, 0.7361354473663462, 10934.245705741025, 553.3605564553, 19.2607904802376, 1.9718191069818891, 0.10972053371544122, 522.7641862829543, 0.7357843703290359, 10941.032056044438, 553.2646670400978, 18.25776111262088, 1.971818548824561, 0.10884791903428745, 522.6984494734555, 0.7389199734208607, 10937.043317485468, 553.2064727829514, 16.837188369848494, 1.9718180450702145, 0.1079444021916673, 522.5434900153458, 0.7344863993134341, 10941.288476759024, 553.1869159619267, 14.987884213140168, 1.9718174527364765, 0.10677187696714413, 522.2233567148074, 0.7328423245833835, 10939.738983845631, 553.1330945020125, 12.718979010590317, 1.9718168840361159, 0.10546593439933048, 521.9420442114397, 0.7282441143842255, 10942.790827644907, 553.1248929785871, 9.715248701492989, 1.1390093718884142, 0.10337047969928503, 521.3831239432717]}