{"obs_size": 14263932, "obs_mean": [5225.79652960606, 566.5078824688733, 2.456218874290764, 0.0634762482565213, 0.10003202992576028, 624.1732036937173, 0.5359796969727477, 5228.049026599461, 566.7930563606164, 2.3586919791821783, 0.06346920657748084, 0.10008748625813782, 625.2681324228175, 0.5363571571288948, 5228.49402660865, 567.1255024210715, 2.238424159621625, 0.06346141132495162, 0.10004432168892947, 626.370289465016, 0.5363916654257699, 5230.553413345009, 567.5273256350353, 2.085356968891887, 0.06345347026115523, 0.10001965582211135, 627.7576105483786, 0.5365676367498005, 5234.585311244968, 567.9338907392436, 1.9085463250946513, 0.06344458841434046, 0.10001604672512529, 629.2881755839805, 0.5365025696280602, 5232.722008190764, 568.38410734151, 1.721331327154392, 0.0634354710202025, 0.10001046629695237, 631.0157666928928, 0.5369658056418048, 5238.191168358973, 568.877794986684, 1.5178521602598778, 0.06342649088569252, 0.10005432434948551, 632.7590335052081, 0.5369267108115727, 5240.257933394811, 569.4612528999717, 1.2951457564435949, 0.06311612056150692, 0.100005049431251, 634.9202823249082, 0.537362071131573, 5244.052223516396, 569.9783509904562, 1.0586941244532013, 0.06310598209618046, 0.10003729923306018, 643.9599758393373], "obs_std": [10885.622919119005, 555.4446920361809, 23.614121437407857, 1.6088762385861033, 0.11724358106804808, 523.1639709015769, 0.759232797172571, 10890.956717173056, 555.5158293459056, 22.993672145906, 1.608875462267362, 0.11655582035529319, 523.1262956011192, 0.7599876955783532, 10888.063799610858, 555.5159059822494, 22.167777510107456, 1.6088746656812638, 0.11597605240911793, 522.9097894618043, 0.7617372533318062, 10893.461212287746, 555.4031615744088, 21.014434762194597, 1.6088739888953507, 0.11459742024920218, 523.0273933355796, 0.7586480797109016, 10898.643511701732, 555.3532226887954, 19.532813212082246, 1.6088731354903674, 0.11455756952013704, 522.6109947683561, 0.754963116497354, 10890.774007949283, 555.2727969926801, 17.87182944749127, 1.6088722801437996, 0.11380801235345517, 522.3778609633172, 0.7561178489690585, 10899.31998816486, 555.1943771076843, 15.92600863408007, 1.6088714197006166, 0.11302723417667673, 522.1103434413168, 0.7503989746851941, 10900.380283900675, 555.2456586406616, 13.526677499069487, 1.1380952427493845, 0.1124572291957246, 521.942168948477, 0.7497183487421303, 10902.210127312726, 555.1889647351162, 10.290342398958833, 1.1380938003850791, 0.11181243466071768, 521.2232727203805]}