{"obs_size": 14240206, "obs_mean": [5229.8820376380545, 564.993032895732, 2.1531822643576923, 0.06366259864352627, 0.10085578072690787, 640.14159930697, 0.5530752121142205, 5231.017396780083, 565.3110966231808, 2.07052840387281, 0.06365571962134076, 0.10083878702077877, 640.9983309027035, 0.5531169768892531, 5234.561875234892, 565.6253068951391, 1.9809963423281935, 0.063648346847871, 0.1008510119251086, 641.9925915104596, 0.5536060249409529, 5233.151863515714, 565.9557500783346, 1.8823351993643913, 0.06364039354761673, 0.10089137624420635, 643.2553233720956, 0.5536744190358054, 5237.253542613319, 566.2477982411209, 1.7611833705214657, 0.06363208786797979, 0.1008575531640488, 644.499395616743, 0.5539731564276664, 5236.953447882695, 566.6254927070576, 1.6081246296577452, 0.0636234579166995, 0.10085203074007576, 645.9685719553437, 0.5539389378215676, 5238.457494386009, 567.026285223683, 1.4287956227599516, 0.06361380917875292, 0.10082408796881154, 647.5364571031192, 0.5542291638197026, 5239.966838156967, 567.4914624830567, 1.239764860143175, 0.06360410116525932, 0.10081425725688155, 649.3565729955035, 0.5545628349758641, 5242.374584752332, 568.0058428227794, 1.033886096872475, 0.06299165343922176, 0.10086985619379381, 664.5103681020219], "obs_std": [10933.073682220716, 554.9799341222516, 21.341634724479547, 1.9718332198895412, 0.12012648194509579, 539.2589516219424, 0.7834519129836223, 10934.022915009818, 554.9969879143199, 20.76976154512095, 1.9718324316125204, 0.11931717106850716, 539.0260527264356, 0.7841121310300037, 10940.597536021272, 554.9568390168503, 20.119359284974937, 1.9718316621149454, 0.11869057910598259, 538.8322592803597, 0.7810101530811983, 10934.947568769232, 554.9525643938796, 19.36869705583605, 1.9718308944453937, 0.11896018889567236, 538.9371844912829, 0.779572405269316, 10941.870780047215, 554.8461703051266, 18.370087725448442, 1.9718300823363326, 0.11793307959043683, 538.9616494556301, 0.7822845876560601, 10937.19031243222, 554.8165335038685, 16.955571200343485, 1.9718293792108776, 0.11681303881632348, 538.8500553002501, 0.7781816071376303, 10940.9533002139, 554.8148778103321, 15.107327062580213, 1.9718285026257603, 0.11587647103383192, 538.8339259594688, 0.7769536828539785, 10939.465525016089, 554.770277615799, 12.835278494658136, 1.971827612977702, 0.11447766144063518, 538.796586608951, 0.7725117005957436, 10942.481184792006, 554.7636888674232, 9.836710744906462, 1.1390279308782298, 0.11280848608062599, 547.8499485913462]}