{"obs_size": 14240206, "obs_mean": [5252.544850522975, 564.2316552162237, 2.1451203023327046, 0.06370138811033578, 0.10098702640635962, 628.2609163602946, 0.5448224315013278, 5253.803587243481, 564.5550831919144, 2.0648093854822047, 0.0636946482074158, 0.10097215727033881, 629.0856876428622, 0.5449314403176331, 5257.7646531878245, 564.8870910996654, 1.9753484605489553, 0.06368739449128274, 0.10100206221953571, 630.0503898970836, 0.5454004774228599, 5256.195504921179, 565.2128901786955, 1.8774744550745965, 0.0636794113491147, 0.10104483557948653, 631.2099174483808, 0.5453752839670859, 5260.317190517709, 565.5254890975593, 1.7575367238367199, 0.063671196450187, 0.10100791580838178, 632.3736693852541, 0.545610099179733, 5260.291838631301, 565.8971645494453, 1.6031464011124559, 0.06366241465538704, 0.10100394945297912, 633.8051131373564, 0.5456092465235358, 5261.759594586943, 566.3025941478656, 1.425588857352204, 0.06365289262052325, 0.10097824098001178, 635.2371388905881, 0.5457560519840717, 5263.611491043264, 566.7883572049449, 1.2361017811118744, 0.06364320417184492, 0.10097264657983106, 636.9002127752462, 0.5460526477636548, 5265.809010534796, 567.3313345326605, 1.0328537382113714, 0.06303059947047988, 0.10102988678387113, 647.6821819514386], "obs_std": [10965.60486692659, 554.9530854039051, 21.25867016421991, 1.9718434962926714, 0.12099721345265231, 523.8285299127698, 0.7682932923820323, 10966.918185921604, 554.9828723461195, 20.692181437154037, 1.9718427260012943, 0.12019766715166318, 523.6213501375767, 0.7689985082710017, 10974.065937577456, 554.9663992282683, 20.04517105510511, 1.971841945602832, 0.11974984511156593, 523.4622750439656, 0.766138628175473, 10968.542868003313, 554.9685353328398, 19.296536239495893, 1.9718411808048473, 0.11981957944764866, 523.4607888047415, 0.7655510593145659, 10975.27934938489, 554.8925653393519, 18.305253951504383, 1.9718403758134013, 0.1189805748108606, 523.3648392155798, 0.7675410641325753, 10970.929283522468, 554.8421302296401, 16.886851022248553, 1.9718396219936487, 0.11806729849273424, 523.217492967678, 0.7638844204397947, 10974.578632831905, 554.8401107768707, 15.045046518637195, 1.9718387916677413, 0.11677325567769188, 522.8988739840657, 0.7614579095043403, 10972.722799583022, 554.8065425329672, 12.786394108250844, 1.971837876856704, 0.11573612870352883, 522.6332713267585, 0.7574727604373523, 10976.196093479226, 554.8190243908276, 9.807399749618297, 1.1390455656265441, 0.11397332720408046, 521.8564387365753]}