{"obs_size": 14276494, "obs_mean": [5166.855188296869, 560.0410386471635, 2.6063442467037077, 0.06617956412835668, 0.10095693316293192, 630.8697625423093, 0.5627283814920087, 5168.84254499185, 560.4355224048705, 2.488223859443362, 0.06617112984715284, 0.1009328255416214, 632.1167740028651, 0.5629050663279377, 5169.32007967776, 560.8561984476021, 2.3436788472015606, 0.06616137960350059, 0.10092835608357367, 633.2616196852861, 0.5629514396181964, 5172.873435820071, 561.2483474584167, 2.165597660041744, 0.06615166608896403, 0.1009264146552366, 634.84585187105, 0.5627205617149724, 5170.948029734567, 561.6715201225174, 1.9863253541100496, 0.06584042762201277, 0.10092028041422554, 636.5205848263594, 0.5636792010699861, 5176.83543506334, 562.2222848971182, 1.7849390753780305, 0.06552921124479855, 0.10094535231934457, 638.5142598286336, 0.5640283783259802, 5176.847716484409, 562.7337961967412, 1.571933067040129, 0.06461585477219423, 0.10098236157714927, 641.0167355819927, 0.5655621556665393, 5180.585299250277, 563.0899248793155, 1.3467122250042622, 0.06430394728034043, 0.10110433113284038, 644.2549306811156, 0.569175777960652, 5182.666464754344, 563.3670434071558, 1.0953383933058074, 0.06429074700007564, 0.10134654843836322, 660.1550763758431], "obs_std": [10879.03652661808, 555.8171476851898, 24.40474740241375, 3.770258115391512, 0.12961867347130157, 535.4701820718099, 0.8369935622997442, 10882.019909995584, 555.7955219991529, 23.659236656353933, 3.770257915446778, 0.12862412854991412, 535.3003747218391, 0.8388480074064844, 10879.13725716137, 555.8799935354039, 22.603120523806982, 3.7702571869900834, 0.1283691226457723, 534.8275504740221, 0.8412585161176517, 10883.449788433922, 555.9130807926629, 21.335425574991124, 3.770256549009565, 0.1284345173796386, 534.7727471664974, 0.8306883564980417, 10879.899741523619, 555.8741047345699, 19.84805505670808, 3.594824613808993, 0.1269639379231464, 534.7984618201708, 0.837603687336242, 10888.080333130947, 555.9512449064508, 18.097908003424134, 3.410380429050844, 0.12600488664149992, 535.1170105167631, 0.8329663159240143, 10885.52150006699, 555.9582964623784, 16.045822662892373, 2.7846888471338587, 0.12427126361871203, 535.9514065482658, 0.8308402322211856, 10894.323674566866, 555.8277698928316, 13.625588623367648, 2.5421294457342576, 0.12559145189579637, 538.0203144346384, 0.8392558017255145, 10891.143368468569, 555.6647022298445, 10.291776329161824, 2.5421278871476316, 0.12689915015093645, 551.8049771436976]}