{"obs_size": 14289507, "obs_mean": [5152.589857848679, 557.6004885962826, 2.7621064883484086, 0.06790834176589187, 0.10135184945736742, 627.2537139345243, 0.563936662755425, 5156.201915381347, 558.0180671033646, 2.6147336643594494, 0.06789902019678534, 0.10134743751334388, 628.5522120224762, 0.564143553098116, 5159.921319616553, 558.39479234658, 2.4394428023304093, 0.06788931807270217, 0.10134725461186354, 629.981371940217, 0.5641490635051686, 5158.847148026586, 558.8596929201267, 2.262371542979054, 0.06757849554978367, 0.10133652539769188, 631.4209889335768, 0.5647815111466357, 5161.044192679888, 559.2891069649919, 2.060585995024181, 0.06696673138962056, 0.101401722848241, 633.5298112016519, 0.5649128695622928, 5163.058794809552, 559.7440909612908, 1.8519792180374033, 0.06695566160869672, 0.101414652174984, 636.042409535056, 0.5667348681098975, 5164.946104590488, 560.1530558052142, 1.6231993168133791, 0.06664413190560835, 0.10160253285806052, 639.2455236004075, 0.5706732134285988, 5170.38520238737, 560.5310827728345, 1.3751298067875959, 0.06633176469608859, 0.10190077295108987, 644.8064510724301, 0.5840216502221138, 5169.2966718365315, 559.04354747858, 1.1351775817038334, 0.06421491859817877, 0.10292213394744863, 655.6639713029542], "obs_std": [10845.54164515089, 553.7555577938393, 25.351071557433457, 4.684787377309917, 0.13727460916115217, 533.6658297969169, 0.8635937874245315, 10852.215109269575, 553.7403315432681, 24.360348260345134, 4.684787034867929, 0.13579256565460746, 533.3418045968947, 0.8607879991215067, 10859.765108150252, 553.7108434491629, 23.197912769042773, 4.684786615227186, 0.1367515764745591, 533.3258879271941, 0.8558639106911005, 10852.610952920353, 553.7595657409643, 21.893347272826144, 4.5449239354663264, 0.1356802761139714, 532.991996460281, 0.855625952980328, 10857.673042587998, 553.7012622743865, 20.331494239999074, 4.251417628431125, 0.1355195523479228, 533.4834017204026, 0.8475052959026813, 10860.206715928969, 553.6757449945151, 18.56350809840055, 4.25141718569229, 0.13385076319905798, 534.3987619812793, 0.8467556876784724, 10857.505454892751, 553.5549663146912, 16.473294916226614, 4.096786202838237, 0.13555862564861057, 536.1944848817699, 0.8594168106978916, 10867.735061955693, 553.5768563264712, 13.882889587258711, 3.9360851234675946, 0.1379878903951186, 540.6253973160858, 0.8954665023037589, 10870.157018976679, 552.5079035919766, 10.553253840836552, 2.540970670373042, 0.14418755625395815, 550.453360821371]}