{"obs_size": 14289583, "obs_mean": [5188.082001087767, 563.7131733655209, 2.8210766542312675, 0.07085961635627205, 0.10069050190113991, 624.2653961044266, 0.5544490575407468, 5191.932733281662, 564.0597225265425, 2.674929072457888, 0.07024944170715888, 0.10066264963484228, 625.6858795050006, 0.5550049321243491, 5195.03741992835, 564.4050195166647, 2.4929441258012917, 0.06963904455995017, 0.10075630169137917, 627.109831512323, 0.5544664787629148, 5194.201289133817, 564.8823776733022, 2.3109764644636583, 0.06872768905783358, 0.10068461004411378, 628.5749339919356, 0.5549781962846859, 5195.544642263242, 565.33028115656, 2.105019999533926, 0.0687173913154154, 0.10073831361796921, 630.738778872744, 0.5551771944639924, 5199.700592959965, 565.7524164281072, 1.8883968832400497, 0.06840619750843031, 0.10071138267645728, 633.0777435229157, 0.5565871323187193, 5200.928616568299, 566.2319230729125, 1.6589547084753977, 0.06809537412534142, 0.1007754809657488, 636.0714887723467, 0.559340770266033, 5207.401792701075, 566.7353827609944, 1.4037064622529574, 0.06748339414880862, 0.100922568782448, 640.9539296701196, 0.5692649774314943, 5207.2606255510445, 566.0028990349124, 1.1658366797687516, 0.06536762965938962, 0.1014647020171965, 650.8102652444119], "obs_std": [10898.228493710565, 560.8670035910449, 25.76709298194831, 5.566269613625459, 0.12301605274415603, 527.6388516819928, 0.8348222591152159, 10904.345892522535, 560.7899330163515, 24.76910443334263, 5.329314523389634, 0.12126483310717331, 527.4898698581038, 0.8363224560612716, 10912.043388378916, 560.7259662367162, 23.59112535223044, 5.081321547776764, 0.12314621664506598, 527.4585389684734, 0.8261609232799986, 10903.907086532032, 560.7536967043258, 22.247105704601328, 4.684781935999019, 0.12232701805517003, 527.0455753480811, 0.8219006009326021, 10907.910334721157, 560.6915463286856, 20.64941495776293, 4.6847814491142845, 0.12105564312920786, 527.3415173430332, 0.8198717917560865, 10917.164517605046, 560.5617097357893, 18.83835644326514, 4.544919303488487, 0.11916780948850175, 527.4799691605817, 0.820828678722363, 10909.815492904665, 560.3630270548047, 16.715087023854963, 4.400614546773642, 0.11818150141870891, 528.1623447911714, 0.8272455011413252, 10927.453384829414, 560.3842277451529, 14.08225254632924, 4.096784558847521, 0.1180622954112504, 530.0338518700227, 0.8550198518528259, 10922.631957580355, 559.3931768060464, 10.725371536230195, 2.783426765802363, 0.12050450004514804, 534.572169378464]}