{"obs_size": 14240282, "obs_mean": [5271.907685668519, 566.1334649833478, 2.212340457864528, 0.06460172987354612, 0.09951160580317174, 640.124946304158, 0.5624348550120504, 5273.349433708416, 566.452593846105, 2.1238587831336493, 0.06429328544695405, 0.09952933390139435, 641.1623091365767, 0.5621282171940678, 5275.192049655706, 566.8308033506642, 2.03649386999499, 0.06398552193131589, 0.0995272404323177, 642.2649628214849, 0.5629910576209648, 5276.070927896541, 567.0805999487932, 1.9399900226694948, 0.0639782309363763, 0.09955698511918588, 643.5140522658588, 0.5631463096026227, 5278.149518083519, 567.5763036153356, 1.8157074417486958, 0.06397045964146798, 0.09956556259840954, 644.8120093706897, 0.5631896597272961, 5281.086323944843, 568.022914574304, 1.6691098533020625, 0.06396233870404545, 0.0995489336713285, 646.143431086824, 0.563630191171828, 5281.208070447148, 568.4017218198348, 1.4801898585997104, 0.06395327347331482, 0.0995629681781584, 647.3748710039077, 0.5631593974754678, 5282.153194293665, 568.9600319010535, 1.2985826404280476, 0.06364239960599957, 0.09955344414611955, 648.7019777519381, 0.563626340826722, 5285.011963503605, 569.2629148074456, 1.087902191824572, 0.0630304222575871, 0.09956556685787618, 671.5987065638585], "obs_std": [11042.023811378163, 565.6591103624527, 21.561889710287197, 2.788219215954749, 0.11854016899967419, 537.6631335321449, 0.8202696799932483, 11033.743116202026, 565.7183628425278, 20.996266719533754, 2.54535024681486, 0.11777781346860666, 537.8259290069727, 0.8190310755555064, 11042.86766255755, 565.8548228899398, 20.333546653779962, 2.276719946246151, 0.11662307338175829, 537.8436780413225, 0.8187952985759355, 11039.440827017956, 565.8353439752942, 19.585008418159955, 2.276719434066548, 0.1169528312341309, 538.0407262796522, 0.8146943941750551, 11041.830230144607, 566.237477675193, 18.582934093647964, 2.276718975071541, 0.11659449979629373, 538.1967881416427, 0.8140477781811337, 11049.841216037159, 566.3937598550774, 17.182207306706275, 2.2767184266241913, 0.1149859676040051, 537.8842301190462, 0.8117604211630278, 11042.153809357289, 566.4873808538182, 15.306926763450756, 2.2767178189650683, 0.11426041963520876, 537.4819998691576, 0.8064370468125057, 11047.81252883762, 566.6093455015738, 13.036934917753868, 1.9718234572273294, 0.112739896444748, 536.3939876966962, 0.8037480810233737, 11045.205533700599, 566.1585373263614, 10.015296341539674, 1.1390271713804272, 0.11098429639154002, 550.0106652438416]}